id,paper_doi,paper_title,paper_author,paper_year,paper_journal,experiment_type,system_type,duration_hr,replicates_count,unknown_replicates_count,loading_pressure_batch,loading_room_temperature_batch,loading_volume_batch,sample_containing_material_batch,total_system_pressure_initial,is_isobaric_batch,room_temperature_initial,temperature_initial,is_isothermal_batch,total_system_volume_initial,is_isochoric_batch,ambient_atmosphere_initial,gas_name_initial_1,gas_concentration_initial_1,solvent_type_initial_1,solute_name_initial_1,solute_concentration_initial_1,solute_name_initial_2,solute_concentration_initial_2,solute_name_initial_3,solute_concentration_initial_3,solid_type_initial_1,solid_name_initial_1,solid_mass_initial_1,total_system_pressure_final,temperature_final,room_temperature_final,total_system_volume_final,ambient_atmosphere_final,gas_name_final_1,gas_concentration_final_1,gas_is_measured_final_1,solute_name_final_1,solute_concentration_final_1,solute_concentration_unknown_final_1,solute_name_final_2,solute_concentration_unknown_final_2,is_polymer_final_2,solute_name_final_3,solute_concentration_final_3,solute_concentration_unknown_final_3,is_polymer_final_3,polymer_length_unknown_final_3,max_polymer_length_final_3,number_of_unique_monomers_final_3,liquid_is_measured_final_3,solute_name_final_4,solute_concentration_final_4,solute_concentration_unknown_final_4,is_polymer_final_4,polymer_length_unknown_final_4,max_polymer_length_final_4,number_of_unique_monomers_final_4,solute_name_final_5,solute_concentration_final_5,solute_concentration_unknown_final_5,is_polymer_final_5,monomer_name_final_1,frequency_of_monomer_1,monomer_name_final_2,frequency_of_monomer_2,solid_name_final_1,solid_mass_final_1,solid_is_measured_final_1
1,https://doi.org/10.3390/life13091899,Mineral-Mediated Oligoribonucleotide Condensation: Broadening the Scope of Prebiotic Possibilities on the Early Earth,Riggi et al.,2023,Life,batch,closed,72,3,FALSE,1,TRUE,0.1,polypropylene,1,TRUE,TRUE,23,TRUE,0.6,TRUE,TRUE,--,--,water,ImpA,15,--,--,--,--,--,--,,1,,TRUE,0.6,TRUE,--,--,--,ImpA,,TRUE,AMP,TRUE,FALSE,pApA,,TRUE,TRUE,FALSE,2,1,FALSE,--,--,--,--,--,,--,--,--,--,--,AMP,100,--,--,--,--,--
2,https://doi.org/10.3390/life13091899,Mineral-Mediated Oligoribonucleotide Condensation: Broadening the Scope of Prebiotic Possibilities on the Early Earth,Riggi et al.,2023,Life,batch,closed,72,3,FALSE,1,TRUE,0.1,polypropylene,1,TRUE,TRUE,23,TRUE,0.6,TRUE,TRUE,--,--,water,ImpA,15,--,--,--,--,M,pyrophyllite,5,1,,TRUE,0.6,TRUE,--,--,--,ImpA,,TRUE,AMP,TRUE,FALSE,pApA,,TRUE,TRUE,FALSE,2,1,FALSE,pApApA,,TRUE,TRUE,FALSE,3,1,--,--,--,--,AMP,100,AMP,100,pyrophyllite,5,FALSE
3,https://doi.org/10.3390/life13091899,Mineral-Mediated Oligoribonucleotide Condensation: Broadening the Scope of Prebiotic Possibilities on the Early Earth,Riggi et al.,2023,Life,batch,closed,72,3,FALSE,1,TRUE,0.1,polypropylene,1,TRUE,TRUE,23,TRUE,0.6,TRUE,TRUE,--,--,water,ImpA,15,--,--,--,--,M,kaolinite,5,1,,TRUE,0.6,TRUE,--,--,--,ImpA,,TRUE,AMP,TRUE,FALSE,oligoadenylic acid,,TRUE,TRUE,FALSE,4,1,FALSE,--,--,--,--,--,,--,--,--,--,--,AMP,100,--,--,kaolinite,5,FALSE
4,https://doi.org/10.3390/life13091899,Mineral-Mediated Oligoribonucleotide Condensation: Broadening the Scope of Prebiotic Possibilities on the Early Earth,Riggi et al.,2023,Life,batch,closed,72,3,FALSE,1,TRUE,0.1,polypropylene,1,TRUE,TRUE,23,TRUE,0.6,TRUE,TRUE,--,--,water,ImpA,15,--,--,--,--,M,Montmorillonite (Volclay SPV-200),5,1,,TRUE,0.6,TRUE,--,--,--,ImpA,,TRUE,AMP,TRUE,FALSE,oligoadenylic acid,,TRUE,TRUE,FALSE,5,1,FALSE,--,--,--,--,--,,--,--,--,--,--,AMP,100,--,--,montmorillonite,5,FALSE
5,https://doi.org/10.3390/life13091899,Mineral-Mediated Oligoribonucleotide Condensation: Broadening the Scope of Prebiotic Possibilities on the Early Earth,Riggi et al.,2023,Life,batch,closed,72,3,FALSE,1,TRUE,0.1,polypropylene,1,TRUE,TRUE,23,TRUE,0.6,TRUE,TRUE,--,--,water,ImpA,15,--,--,--,--,M,pyrite,5,1,,TRUE,0.6,TRUE,--,--,--,ImpA,,TRUE,AMP,TRUE,FALSE,oligoadenylic acid,,TRUE,TRUE,FALSE,3,1,FALSE,--,--,--,--,--,,--,--,--,--,--,AMP,100,--,--,pyrite,5,FALSE
6,https://doi.org/10.3390/life13091899,Mineral-Mediated Oligoribonucleotide Condensation: Broadening the Scope of Prebiotic Possibilities on the Early Earth,Riggi et al.,2023,Life,batch,closed,72,3,FALSE,1,TRUE,0.1,polypropylene,1,TRUE,TRUE,23,TRUE,0.6,TRUE,TRUE,--,--,water,ImpA,15,--,--,--,--,M,pyrrhotite,5,1,,TRUE,0.6,TRUE,--,--,--,ImpA,,TRUE,AMP,TRUE,FALSE,oligoadenylic acid,,TRUE,TRUE,FALSE,3,1,FALSE,--,--,--,--,--,,--,--,--,--,--,AMP,100,--,--,pyrrhotite,5,FALSE
7,https://doi.org/10.3390/life13091899,Mineral-Mediated Oligoribonucleotide Condensation: Broadening the Scope of Prebiotic Possibilities on the Early Earth,Riggi et al.,2023,Life,batch,closed,72,3,FALSE,1,TRUE,0.1,polypropylene,1,TRUE,TRUE,23,TRUE,0.6,TRUE,TRUE,--,--,water,ImpA,15,--,--,--,--,M,galena,5,1,,TRUE,0.6,TRUE,--,--,--,ImpA,,TRUE,AMP,TRUE,FALSE,oligoadenylic acid,,TRUE,TRUE,FALSE,5,1,FALSE,--,--,--,--,--,,--,--,--,--,--,AMP,100,--,--,galena,5,FALSE
8,https://doi.org/10.3390/life13091899,Mineral-Mediated Oligoribonucleotide Condensation: Broadening the Scope of Prebiotic Possibilities on the Early Earth,Riggi et al.,2023,Life,batch,closed,72,3,FALSE,1,TRUE,0.1,polypropylene,1,TRUE,TRUE,23,TRUE,0.6,TRUE,TRUE,--,--,water,ImpA,15,--,--,--,--,M,natrolite,5,1,,TRUE,0.6,TRUE,--,--,--,ImpA,,TRUE,AMP,TRUE,FALSE,oligoadenylic acid,,TRUE,TRUE,FALSE,2,1,FALSE,--,--,--,--,--,,--,--,--,--,--,AMP,100,--,--,natrolite,5,FALSE
9,https://doi.org/10.3390/life13091899,Mineral-Mediated Oligoribonucleotide Condensation: Broadening the Scope of Prebiotic Possibilities on the Early Earth,Riggi et al.,2023,Life,batch,closed,72,3,FALSE,1,TRUE,0.1,polypropylene,1,TRUE,TRUE,23,TRUE,0.6,TRUE,TRUE,--,--,water,ImpA,15,--,--,--,--,M,stilbite,5,1,,TRUE,0.6,TRUE,--,--,--,ImpA,,TRUE,AMP,TRUE,FALSE,oligoadenylic acid,,TRUE,TRUE,FALSE,2,1,FALSE,--,--,--,--,--,,--,--,--,--,--,AMP,100,--,--,stilbite,5,FALSE
10,https://doi.org/10.3390/life13091899,Mineral-Mediated Oligoribonucleotide Condensation: Broadening the Scope of Prebiotic Possibilities on the Early Earth,Riggi et al.,2023,Life,batch,closed,72,3,FALSE,1,TRUE,0.1,polypropylene,1,TRUE,TRUE,23,TRUE,0.6,TRUE,TRUE,--,--,water,ImpA,15,--,--,--,--,M,faujasite,5,1,,TRUE,0.6,TRUE,--,--,--,ImpA,,TRUE,AMP,TRUE,FALSE,oligoadenylic acid,,TRUE,TRUE,FALSE,2,1,FALSE,--,--,--,--,--,,--,--,--,--,--,AMP,100,--,--,faujasite,5,FALSE
11,https://doi.org/10.3390/life13091899,Mineral-Mediated Oligoribonucleotide Condensation: Broadening the Scope of Prebiotic Possibilities on the Early Earth,Riggi et al.,2023,Life,batch,closed,72,3,FALSE,1,TRUE,0.1,polypropylene,1,TRUE,TRUE,23,TRUE,0.6,TRUE,TRUE,--,--,water,ImpA,15,--,--,--,--,M,chabazite,5,1,,TRUE,0.6,TRUE,--,--,--,ImpA,,TRUE,AMP,TRUE,FALSE,oligoadenylic acid,,TRUE,TRUE,FALSE,3,1,FALSE,--,--,--,--,--,,--,--,--,--,--,AMP,100,--,--,chabazite,5,FALSE
12,https://doi.org/10.3390/life13091899,Mineral-Mediated Oligoribonucleotide Condensation: Broadening the Scope of Prebiotic Possibilities on the Early Earth,Riggi et al.,2023,Life,batch,closed,72,3,FALSE,1,TRUE,0.1,polypropylene,1,TRUE,TRUE,23,TRUE,0.6,TRUE,TRUE,--,--,water,ImpA,15,--,--,--,--,M,ZSM-5,5,1,,TRUE,0.6,TRUE,--,--,--,ImpA,,TRUE,AMP,TRUE,FALSE,oligoadenylic acid,,TRUE,TRUE,FALSE,3,1,FALSE,--,--,--,--,--,,--,--,--,--,--,AMP,100,--,--,ZSM-5,5,FALSE
13,https://doi.org/10.3390/life13091899,Mineral-Mediated Oligoribonucleotide Condensation: Broadening the Scope of Prebiotic Possibilities on the Early Earth,Riggi et al.,2023,Life,batch,closed,72,3,FALSE,1,TRUE,0.1,polypropylene,1,TRUE,TRUE,23,TRUE,0.6,TRUE,TRUE,--,--,water,ImpA,15,--,--,--,--,M,corundum,5,1,,TRUE,0.6,TRUE,--,--,--,ImpA,,TRUE,AMP,TRUE,FALSE,oligoadenylic acid,,TRUE,TRUE,FALSE,2,1,FALSE,--,--,--,--,--,,--,--,--,--,--,AMP,100,--,--,corundum,5,FALSE
14,https://doi.org/10.3390/life13091899,Mineral-Mediated Oligoribonucleotide Condensation: Broadening the Scope of Prebiotic Possibilities on the Early Earth,Riggi et al.,2023,Life,batch,closed,72,3,FALSE,1,TRUE,0.1,polypropylene,1,TRUE,TRUE,23,TRUE,0.6,TRUE,TRUE,--,--,water,ImpA,15,--,--,--,--,M,hematite,5,1,,TRUE,0.6,TRUE,--,--,--,ImpA,,TRUE,AMP,TRUE,FALSE,oligoadenylic acid,,TRUE,TRUE,FALSE,2,1,FALSE,--,--,--,--,--,,--,--,--,--,--,AMP,100,--,--,hematite,5,FALSE
15,https://doi.org/10.3390/life13091899,Mineral-Mediated Oligoribonucleotide Condensation: Broadening the Scope of Prebiotic Possibilities on the Early Earth,Riggi et al.,2023,Life,batch,closed,72,3,FALSE,1,TRUE,0.1,polypropylene,1,TRUE,TRUE,23,TRUE,0.6,TRUE,TRUE,--,--,water,ImpA,15,--,--,--,--,M,magnetite,5,1,,TRUE,0.6,TRUE,--,--,--,ImpA,,TRUE,AMP,TRUE,FALSE,oligoadenylic acid,,TRUE,TRUE,FALSE,2,1,FALSE,--,--,--,--,--,,--,--,--,--,--,AMP,100,--,--,magnetite,5,FALSE
16,https://doi.org/10.3390/life13091899,Mineral-Mediated Oligoribonucleotide Condensation: Broadening the Scope of Prebiotic Possibilities on the Early Earth,Riggi et al.,2023,Life,batch,closed,72,3,FALSE,1,TRUE,0.1,polypropylene,1,TRUE,TRUE,23,TRUE,0.6,TRUE,TRUE,--,--,water,ImpA,15,--,--,--,--,M,anorthite,5,1,,TRUE,0.6,TRUE,--,--,--,ImpA,,TRUE,AMP,TRUE,FALSE,oligoadenylic acid,,TRUE,TRUE,FALSE,2,1,FALSE,--,--,--,--,--,,--,--,--,--,--,AMP,100,--,--,anorthite,5,FALSE
17,https://doi.org/10.3390/life13091899,Mineral-Mediated Oligoribonucleotide Condensation: Broadening the Scope of Prebiotic Possibilities on the Early Earth,Riggi et al.,2023,Life,batch,closed,72,3,FALSE,1,TRUE,0.1,polypropylene,1,TRUE,TRUE,23,TRUE,0.6,TRUE,TRUE,--,--,water,ImpA,15,--,--,--,--,M,albite,5,1,,TRUE,0.6,TRUE,--,--,--,ImpA,,TRUE,AMP,TRUE,FALSE,oligoadenylic acid,,TRUE,TRUE,FALSE,2,1,FALSE,--,--,--,--,--,,--,--,--,--,--,AMP,100,--,--,albite,5,FALSE
18,https://doi.org/10.3390/life13091899,Mineral-Mediated Oligoribonucleotide Condensation: Broadening the Scope of Prebiotic Possibilities on the Early Earth,Riggi et al.,2023,Life,batch,closed,72,3,FALSE,1,TRUE,0.1,polypropylene,1,TRUE,TRUE,23,TRUE,0.6,TRUE,TRUE,--,--,water,ImpA,15,--,--,--,--,M,orthoclase,5,1,,TRUE,0.6,TRUE,--,--,--,ImpA,,TRUE,AMP,TRUE,FALSE,oligoadenylic acid,,TRUE,TRUE,FALSE,2,1,FALSE,--,--,--,--,--,,--,--,--,--,--,AMP,100,--,--,orthoclase,5,FALSE
19,https://doi.org/10.3390/life13091899,Mineral-Mediated Oligoribonucleotide Condensation: Broadening the Scope of Prebiotic Possibilities on the Early Earth,Riggi et al.,2023,Life,batch,closed,72,3,FALSE,1,TRUE,0.1,polypropylene,1,TRUE,TRUE,23,TRUE,0.6,TRUE,TRUE,--,--,water,ImpA,15,--,--,--,--,M,quartz,5,1,,TRUE,0.6,TRUE,--,--,--,ImpA,,TRUE,AMP,TRUE,FALSE,oligoadenylic acid,,TRUE,TRUE,FALSE,2,1,FALSE,--,--,--,--,--,,--,--,--,--,--,AMP,100,--,--,quartz,5,FALSE
20,https://doi.org/10.3390/life13091899,Mineral-Mediated Oligoribonucleotide Condensation: Broadening the Scope of Prebiotic Possibilities on the Early Earth,Riggi et al.,2023,Life,batch,closed,72,3,FALSE,1,TRUE,0.1,polypropylene,1,TRUE,TRUE,23,TRUE,0.6,TRUE,TRUE,--,--,water,ImpA,15,--,--,--,--,M,olivine,5,1,,TRUE,0.6,TRUE,--,--,--,ImpA,,TRUE,AMP,TRUE,FALSE,oligoadenylic acid,,TRUE,TRUE,FALSE,2,1,FALSE,--,--,--,--,--,,--,--,--,--,--,AMP,100,--,--,olivine,,FALSE
21,https://doi.org/10.3390/life13091899,Mineral-Mediated Oligoribonucleotide Condensation: Broadening the Scope of Prebiotic Possibilities on the Early Earth,Riggi et al.,2023,Life,batch,closed,72,3,FALSE,1,TRUE,0.1,polypropylene,1,TRUE,TRUE,23,TRUE,0.6,TRUE,TRUE,--,--,water,ImpA,15,--,--,--,--,M,apatite,5,1,,TRUE,0.6,TRUE,--,--,--,ImpA,,TRUE,AMP,TRUE,FALSE,oligoadenylic acid,,TRUE,TRUE,FALSE,1.97,1,FALSE,--,--,--,--,--,,--,--,--,--,--,AMP,100,--,--,apatite,5,FALSE
22,https://doi.org/10.3390/life13091899,Mineral-Mediated Oligoribonucleotide Condensation: Broadening the Scope of Prebiotic Possibilities on the Early Earth,Riggi et al.,2023,Life,batch,closed,72,3,FALSE,1,TRUE,0.1,polypropylene,1,TRUE,TRUE,23,TRUE,0.6,TRUE,TRUE,--,--,water,ImpA,15,--,--,--,--,M,diopside,5,1,,TRUE,0.6,TRUE,--,--,--,ImpA,,TRUE,AMP,TRUE,FALSE,oligoadenylic acid,,TRUE,TRUE,FALSE,2,1,FALSE,--,--,--,--,--,,--,--,--,--,--,AMP,100,--,--,diopside,5,FALSE
23,https://doi.org/10.3390/life13091899,Mineral-Mediated Oligoribonucleotide Condensation: Broadening the Scope of Prebiotic Possibilities on the Early Earth,Riggi et al.,2023,Life,batch,closed,72,3,FALSE,1,TRUE,0.1,polypropylene,1,TRUE,TRUE,23,TRUE,0.6,TRUE,TRUE,--,--,water,ImpA,15,--,--,--,--,M,chlorite,5,1,,TRUE,0.6,TRUE,--,--,--,ImpA,,TRUE,AMP,TRUE,FALSE,oligoadenylic acid,,TRUE,TRUE,FALSE,2,1,FALSE,--,--,--,--,--,,--,--,--,--,--,AMP,100,--,--,chlorite,5,FALSE
24,https://doi.org/10.3390/life13091899,Mineral-Mediated Oligoribonucleotide Condensation: Broadening the Scope of Prebiotic Possibilities on the Early Earth,Riggi et al.,2023,Life,batch,closed,72,3,FALSE,1,TRUE,0.1,polypropylene,1,TRUE,TRUE,23,TRUE,0.6,TRUE,TRUE,--,--,water,ImpA,15,--,--,--,--,M,brucite,5,1,,TRUE,0.6,TRUE,--,--,--,ImpA,,TRUE,AMP,TRUE,FALSE,oligoadenylic acid,,TRUE,TRUE,FALSE,2,1,FALSE,--,--,--,--,--,,--,--,--,--,--,AMP,100,--,--,brucite,5,FALSE
25,https://doi.org/10.3390/life13091899,Mineral-Mediated Oligoribonucleotide Condensation: Broadening the Scope of Prebiotic Possibilities on the Early Earth,Riggi et al.,2023,Life,batch,closed,72,3,FALSE,1,TRUE,0.1,polypropylene,1,TRUE,TRUE,23,TRUE,0.6,TRUE,TRUE,--,--,water,ImpA,15,NaCl,6140,--,--,--,--,,1,,TRUE,0.6,TRUE,--,--,--,NaCl,6140,FALSE,ImpA,TRUE,FALSE,oligoadenylic acid,,TRUE,TRUE,FALSE,4,1,,AMP,,TRUE,FALSE,,,,--,--,--,--,AMP,100,--,--,--,--,--
26,https://doi.org/10.3390/life13091899,Mineral-Mediated Oligoribonucleotide Condensation: Broadening the Scope of Prebiotic Possibilities on the Early Earth,Riggi et al.,2023,Life,batch,closed,72,3,FALSE,1,TRUE,0.1,polypropylene,1,TRUE,TRUE,23,TRUE,0.6,TRUE,TRUE,--,--,water,ImpA,15,NaCl,6140,--,--,M,halite,5,1,,TRUE,0.6,TRUE,--,--,--,NaCl,6140,FALSE,ImpA,TRUE,FALSE,oligoadenylic acid,,TRUE,TRUE,FALSE,4,1,,AMP,,TRUE,FALSE,,,,--,--,--,--,AMP,100,--,--,halite,5,FALSE
27,https://www.proquest.com/openview/8d05d03428acaac9bd2aa90c4cb7e11f/,Constraining prebiotic RNA oligomerization in the context of hadean-archaean environments,Riggi,2019,Rensselaer Polytechnic Institute,batch,closed,72,3,FALSE,1,TRUE,0.1,polypropylene,1,TRUE,TRUE,23,TRUE,0.6,TRUE,TRUE,--,--,water,ImpA,15,CaCl2,4500,--,--,--,--,,1,,TRUE,0.6,TRUE,--,--,--,CaCl2,4500,FALSE,ImpA,TRUE,FALSE,oligoadenylic acid,,TRUE,TRUE,FALSE,3,1,,AMP,,TRUE,FALSE,,,,--,--,--,--,AMP,100,--,--,--,--,--
28,https://www.proquest.com/openview/8d05d03428acaac9bd2aa90c4cb7e11f/,Constraining prebiotic RNA oligomerization in the context of hadean-archaean environments,Riggi,2019,Rensselaer Polytechnic Institute,batch,closed,72,3,FALSE,1,TRUE,0.1,polypropylene,1,TRUE,TRUE,23,TRUE,0.6,TRUE,TRUE,--,--,water,ImpA,15,CaCl2,3375,--,--,--,--,,1,,TRUE,0.6,TRUE,--,--,--,CaCl2,3375,FALSE,ImpA,TRUE,FALSE,oligoadenylic acid,,TRUE,TRUE,FALSE,4,1,,AMP,,TRUE,FALSE,,,,--,--,--,--,AMP,100,--,--,--,--,--
29,https://www.proquest.com/openview/8d05d03428acaac9bd2aa90c4cb7e11f/,Constraining prebiotic RNA oligomerization in the context of hadean-archaean environments,Riggi,2019,Rensselaer Polytechnic Institute,batch,closed,72,3,FALSE,1,TRUE,0.1,polypropylene,1,TRUE,TRUE,23,TRUE,0.6,TRUE,TRUE,--,--,water,ImpA,15,CaCl2,1688,--,--,--,--,,1,,TRUE,0.6,TRUE,--,--,--,CaCl2,1688,FALSE,ImpA,TRUE,FALSE,oligoadenylic acid,,TRUE,TRUE,FALSE,6,1,,AMP,,TRUE,FALSE,,,,--,--,--,--,AMP,100,--,--,--,--,--
30,https://www.proquest.com/openview/8d05d03428acaac9bd2aa90c4cb7e11f/,Constraining prebiotic RNA oligomerization in the context of hadean-archaean environments,Riggi,2019,Rensselaer Polytechnic Institute,batch,closed,72,3,FALSE,1,TRUE,0.1,polypropylene,1,TRUE,TRUE,23,TRUE,0.6,TRUE,TRUE,--,--,water,ImpA,15,CaCl2,1000,--,--,--,--,,1,,TRUE,0.6,TRUE,--,--,--,CaCl2,1000,FALSE,ImpA,TRUE,FALSE,oligoadenylic acid,,TRUE,TRUE,FALSE,5.79,1,,AMP,,TRUE,FALSE,,,,--,--,--,--,AMP,100,--,--,--,--,--
31,https://www.proquest.com/openview/8d05d03428acaac9bd2aa90c4cb7e11f/,Constraining prebiotic RNA oligomerization in the context of hadean-archaean environments,Riggi,2019,Rensselaer Polytechnic Institute,batch,closed,72,3,FALSE,1,TRUE,0.1,polypropylene,1,TRUE,TRUE,23,TRUE,0.6,TRUE,TRUE,--,--,water,ImpA,15,CaCl2,750,--,--,--,--,,1,,TRUE,0.6,TRUE,--,--,--,CaCl2,750,FALSE,ImpA,TRUE,FALSE,oligoadenylic acid,,TRUE,TRUE,FALSE,6,1,,AMP,,TRUE,FALSE,,,,--,--,--,--,AMP,100,--,--,--,--,--
32,https://www.proquest.com/openview/8d05d03428acaac9bd2aa90c4cb7e11f/,Constraining prebiotic RNA oligomerization in the context of hadean-archaean environments,Riggi,2019,Rensselaer Polytechnic Institute,batch,closed,72,3,FALSE,1,TRUE,0.1,polypropylene,1,TRUE,TRUE,23,TRUE,0.6,TRUE,TRUE,--,--,water,ImpA,15,CaCl2,500,--,--,--,--,,1,,TRUE,0.6,TRUE,--,--,--,CaCl2,500,FALSE,ImpA,TRUE,FALSE,oligoadenylic acid,,FALSE,TRUE,FALSE,5,1,,AMP,,TRUE,FALSE,,,,--,--,--,--,AMP,100,--,--,--,--,--
33,https://www.proquest.com/openview/8d05d03428acaac9bd2aa90c4cb7e11f/,Constraining prebiotic RNA oligomerization in the context of hadean-archaean environments,Riggi,2019,Rensselaer Polytechnic Institute,batch,closed,72,3,FALSE,1,TRUE,0.1,polypropylene,1,TRUE,TRUE,23,TRUE,0.6,TRUE,TRUE,--,--,water,ImpA,15,CaCl2,422,--,--,--,--,,1,,TRUE,0.6,TRUE,--,--,--,CaCl2,422,FALSE,ImpA,TRUE,FALSE,oligoadenylic acid,,TRUE,TRUE,FALSE,6,1,,AMP,,TRUE,FALSE,,,,--,--,--,--,AMP,100,--,--,--,--,--
34,https://www.proquest.com/openview/8d05d03428acaac9bd2aa90c4cb7e11f/,Constraining prebiotic RNA oligomerization in the context of hadean-archaean environments,Riggi,2019,Rensselaer Polytechnic Institute,batch,closed,72,3,FALSE,1,TRUE,0.1,polypropylene,1,TRUE,TRUE,23,TRUE,0.6,TRUE,TRUE,--,--,water,ImpA,15,CaCl2,250,--,--,--,--,,1,,TRUE,0.6,TRUE,--,--,--,CaCl2,259,FALSE,ImpA,TRUE,FALSE,oligoadenylic acid,,TRUE,TRUE,FALSE,4.67,1,,AMP,,TRUE,FALSE,,,,--,--,--,--,AMP,100,--,--,--,--,--
35,https://www.proquest.com/openview/8d05d03428acaac9bd2aa90c4cb7e11f/,Constraining prebiotic RNA oligomerization in the context of hadean-archaean environments,Riggi,2019,Rensselaer Polytechnic Institute,batch,closed,72,3,FALSE,1,TRUE,0.1,polypropylene,1,TRUE,TRUE,23,TRUE,0.6,TRUE,TRUE,--,--,water,ImpA,15,CaCl2,125,--,--,--,--,,1,,TRUE,0.6,TRUE,--,--,--,CaCl2,125,FALSE,ImpA,TRUE,FALSE,oligoadenylic acid,,TRUE,TRUE,FALSE,4.67,1,,AMP,,TRUE,FALSE,,,,--,--,--,--,AMP,100,--,--,--,--,--
36,https://www.proquest.com/openview/8d05d03428acaac9bd2aa90c4cb7e11f/,Constraining prebiotic RNA oligomerization in the context of hadean-archaean environments,Riggi,2019,Rensselaer Polytechnic Institute,batch,closed,72,3,FALSE,1,TRUE,0.1,polypropylene,1,TRUE,TRUE,23,TRUE,0.6,TRUE,TRUE,--,--,water,ImpA,15,CaCl2,62.5,--,--,--,--,,1,,TRUE,0.6,TRUE,--,--,--,CaCl2,62.5,FALSE,ImpA,TRUE,FALSE,oligoadenylic acid,,TRUE,TRUE,FALSE,4.33,1,,AMP,,TRUE,FALSE,,,,--,--,--,--,AMP,100,--,--,--,--,--
37,https://www.proquest.com/openview/8d05d03428acaac9bd2aa90c4cb7e11f/,Constraining prebiotic RNA oligomerization in the context of hadean-archaean environments,Riggi,2019,Rensselaer Polytechnic Institute,batch,closed,72,3,FALSE,1,TRUE,0.1,polypropylene,1,TRUE,TRUE,23,TRUE,0.6,TRUE,TRUE,--,--,water,ImpA,15,CaCl2,52.7,--,--,--,--,,1,,TRUE,0.6,TRUE,--,--,--,CaCl2,52.7,FALSE,ImpA,TRUE,FALSE,oligoadenylic acid,,TRUE,TRUE,FALSE,4,1,,AMP,,TRUE,FALSE,,,,--,--,--,--,AMP,100,--,--,--,--,--
38,https://www.proquest.com/openview/8d05d03428acaac9bd2aa90c4cb7e11f/,Constraining prebiotic RNA oligomerization in the context of hadean-archaean environments,Riggi,2019,Rensselaer Polytechnic Institute,batch,closed,72,3,FALSE,1,TRUE,1,polypropylene,1,TRUE,TRUE,23,TRUE,0.6,TRUE,TRUE,--,--,water,ImpA,15,MgCl2,1847,--,--,--,--,,1,,TRUE,0.6,TRUE,--,--,--,MgCl2,1847,FALSE,ImpA,TRUE,FALSE,oligoadenylic acid,,TRUE,TRUE,FALSE,6.33,1,,AMP,,TRUE,FALSE,,,,--,--,--,--,AMP,100,--,--,--,--,--
39,https://www.proquest.com/openview/8d05d03428acaac9bd2aa90c4cb7e11f/,Constraining prebiotic RNA oligomerization in the context of hadean-archaean environments,Riggi,2019,Rensselaer Polytechnic Institute,batch,closed,72,3,FALSE,1,TRUE,0.1,polypropylene,1,TRUE,TRUE,23,TRUE,0.6,TRUE,TRUE,--,--,water,ImpA,15,MgCl2,1385,--,--,--,--,,1,,TRUE,0.6,TRUE,--,--,--,MgCl2,1385,FALSE,ImpA,TRUE,FALSE,oligoadenylic acid,,TRUE,TRUE,FALSE,5,1,,AMP,,TRUE,FALSE,,,,--,--,--,--,AMP,100,--,--,--,--,--
40,https://www.proquest.com/openview/8d05d03428acaac9bd2aa90c4cb7e11f/,Constraining prebiotic RNA oligomerization in the context of hadean-archaean environments,Riggi,2019,Rensselaer Polytechnic Institute,batch,closed,72,3,FALSE,1,TRUE,0.1,polypropylene,1,TRUE,TRUE,23,TRUE,0.6,TRUE,TRUE,--,--,water,ImpA,15,MgCl2,924,--,--,--,--,,1,,TRUE,0.6,TRUE,--,--,--,MgCl2,924,FALSE,ImpA,TRUE,FALSE,oligoadenylic acid,,TRUE,TRUE,FALSE,5.33,1,,AMP,,TRUE,FALSE,,,,--,--,--,--,AMP,100,--,--,--,--,--
41,https://www.proquest.com/openview/8d05d03428acaac9bd2aa90c4cb7e11f/,Constraining prebiotic RNA oligomerization in the context of hadean-archaean environments,Riggi,2019,Rensselaer Polytechnic Institute,batch,closed,72,3,FALSE,1,TRUE,0.1,polypropylene,1,TRUE,TRUE,23,TRUE,0.6,TRUE,TRUE,--,--,water,ImpA,15,MgCl2,462,--,--,--,--,,1,,TRUE,0.6,TRUE,--,--,--,AMP,,TRUE,MgCl2,FALSE,FALSE,oligoadenylic acid,,TRUE,TRUE,FALSE,5,1,,ImpA,,TRUE,FALSE,,,,--,--,--,--,AMP,100,--,--,--,--,--
42,https://www.proquest.com/openview/8d05d03428acaac9bd2aa90c4cb7e11f/,Constraining prebiotic RNA oligomerization in the context of hadean-archaean environments,Riggi,2019,Rensselaer Polytechnic Institute,batch,closed,72,3,FALSE,1,TRUE,0.1,polypropylene,1,TRUE,TRUE,23,TRUE,0.6,TRUE,TRUE,--,--,water,ImpA,15,MgCl2,231,--,--,--,--,,1,,TRUE,0.6,TRUE,--,--,--,MgCl2,231,FALSE,ImpA,TRUE,FALSE,oligoadenylic acid,,TRUE,TRUE,FALSE,4,1,,AMP,,TRUE,FALSE,,,,--,--,--,--,AMP,100,--,--,--,--,--
43,https://www.proquest.com/openview/8d05d03428acaac9bd2aa90c4cb7e11f/,Constraining prebiotic RNA oligomerization in the context of hadean-archaean environments,Riggi,2019,Rensselaer Polytechnic Institute,batch,closed,72,3,FALSE,1,TRUE,0.1,polypropylene,1,TRUE,TRUE,23,TRUE,0.6,TRUE,TRUE,--,--,water,ImpA,15,MgCl2,115,--,--,--,--,,1,,TRUE,0.6,TRUE,--,--,--,MgCl2,115,FALSE,ImpA,TRUE,FALSE,oligoadenylic acid,,TRUE,TRUE,FALSE,4.33,1,,AMP,,TRUE,FALSE,,,,--,--,--,--,AMP,100,--,--,--,--,--
44,https://www.proquest.com/openview/8d05d03428acaac9bd2aa90c4cb7e11f/,Constraining prebiotic RNA oligomerization in the context of hadean-archaean environments,Riggi,2019,Rensselaer Polytechnic Institute,batch,closed,72,3,FALSE,1,TRUE,0.1,polypropylene,1,TRUE,TRUE,23,TRUE,0.6,TRUE,TRUE,--,--,water,ImpA,15,NaCl,6140,--,--,--,--,,1,,TRUE,0.6,TRUE,--,--,--,NaCl,6140,FALSE,ImpA,TRUE,FALSE,oligoadenylic acid,,TRUE,TRUE,FALSE,3.8,1,,AMP,,TRUE,FALSE,,,,--,--,--,--,AMP,100,--,--,--,--,--
45,https://www.proquest.com/openview/8d05d03428acaac9bd2aa90c4cb7e11f/,Constraining prebiotic RNA oligomerization in the context of hadean-archaean environments,Riggi,2019,Rensselaer Polytechnic Institute,batch,closed,72,3,FALSE,1,TRUE,0.1,polypropylene,1,TRUE,TRUE,23,TRUE,0.6,TRUE,TRUE,--,--,water,ImpA,15,NaCl,4605,--,--,--,--,,1,,TRUE,0.6,TRUE,--,--,--,NaCl,4605,FALSE,ImpA,TRUE,FALSE,oligoadenylic acid,,TRUE,TRUE,FALSE,4,1,,AMP,,TRUE,FALSE,,,,--,--,--,--,AMP,100,--,--,--,--,--
46,https://www.proquest.com/openview/8d05d03428acaac9bd2aa90c4cb7e11f/,Constraining prebiotic RNA oligomerization in the context of hadean-archaean environments,Riggi,2019,Rensselaer Polytechnic Institute,batch,closed,72,3,FALSE,1,TRUE,0.1,polypropylene,1,TRUE,TRUE,23,TRUE,0.6,TRUE,TRUE,--,--,water,ImpA,15,NaCl,3070,--,--,--,--,,1,,TRUE,0.6,TRUE,--,--,--,NaCl,3070,FALSE,ImpA,TRUE,FALSE,oligoadenylic acid,,TRUE,TRUE,FALSE,4,1,,AMP,,TRUE,FALSE,,,,--,--,--,--,AMP,100,--,--,--,--,--
47,https://www.proquest.com/openview/8d05d03428acaac9bd2aa90c4cb7e11f/,Constraining prebiotic RNA oligomerization in the context of hadean-archaean environments,Riggi,2019,Rensselaer Polytechnic Institute,batch,closed,72,3,FALSE,1,TRUE,0.1,polypropylene,1,TRUE,TRUE,23,TRUE,0.6,TRUE,TRUE,--,--,water,ImpA,15,NaCl,1535,--,--,--,--,,1,,TRUE,0.6,TRUE,--,--,--,NaCl,1535,FALSE,ImpA,TRUE,FALSE,oligoadenylic acid,,TRUE,TRUE,FALSE,4,1,,AMP,,TRUE,FALSE,,,,--,--,--,--,AMP,100,--,--,--,--,--
48,https://www.proquest.com/openview/8d05d03428acaac9bd2aa90c4cb7e11f/,Constraining prebiotic RNA oligomerization in the context of hadean-archaean environments,Riggi,2019,Rensselaer Polytechnic Institute,batch,closed,72,3,FALSE,1,TRUE,0.1,polypropylene,1,TRUE,TRUE,23,TRUE,0.6,TRUE,TRUE,--,--,water,ImpA,15,NaCl,768,--,--,--,--,,1,,TRUE,0.6,TRUE,--,--,--,NaCl,768,FALSE,ImpA,TRUE,FALSE,oligoadenylic acid,,TRUE,TRUE,FALSE,3,1,,AMP,,TRUE,FALSE,,,,--,--,--,--,AMP,100,--,--,--,--,--
49,https://www.proquest.com/openview/8d05d03428acaac9bd2aa90c4cb7e11f/,Constraining prebiotic RNA oligomerization in the context of hadean-archaean environments,Riggi,2019,Rensselaer Polytechnic Institute,batch,closed,72,3,FALSE,1,TRUE,0.1,polypropylene,1,TRUE,TRUE,23,TRUE,0.6,TRUE,TRUE,--,--,water,ImpA,15,NaCl,384,--,--,--,--,,1,,TRUE,0.6,TRUE,--,--,--,NaCl,384,FALSE,ImpA,TRUE,FALSE,oligoadenylic acid,,TRUE,TRUE,FALSE,3,1,,AMP,,TRUE,FALSE,,,,--,--,--,--,AMP,100,--,--,--,--,--
50,https://www.proquest.com/openview/8d05d03428acaac9bd2aa90c4cb7e11f/,Constraining prebiotic RNA oligomerization in the context of hadean-archaean environments,Riggi,2019,Rensselaer Polytechnic Institute,batch,closed,72,3,FALSE,1,TRUE,0.1,polypropylene,1,TRUE,TRUE,23,TRUE,0.6,TRUE,TRUE,--,--,water,ImpA,15,CoCl2,417,--,--,--,--,,1,,TRUE,0.6,TRUE,--,--,--,CoCl2,417,FALSE,ImpA,TRUE,FALSE,oligoadenylic acid,,TRUE,TRUE,FALSE,5,1,,AMP,,TRUE,FALSE,,,,--,--,--,--,AMP,100,--,--,--,--,--
51,https://www.proquest.com/openview/8d05d03428acaac9bd2aa90c4cb7e11f/,Constraining prebiotic RNA oligomerization in the context of hadean-archaean environments,Riggi,2019,Rensselaer Polytechnic Institute,batch,closed,72,3,FALSE,1,TRUE,0.1,polypropylene,1,TRUE,TRUE,23,TRUE,0.6,TRUE,TRUE,--,--,water,ImpA,15,CoCl2,313,--,--,--,--,,1,,TRUE,0.6,TRUE,--,--,--,CoCl2,313,FALSE,ImpA,TRUE,FALSE,oligoadenylic acid,,TRUE,TRUE,FALSE,5,1,,AMP,,TRUE,FALSE,,,,--,--,--,--,AMP,100,--,--,--,--,--
52,https://www.proquest.com/openview/8d05d03428acaac9bd2aa90c4cb7e11f/,Constraining prebiotic RNA oligomerization in the context of hadean-archaean environments,Riggi,2019,Rensselaer Polytechnic Institute,batch,closed,72,3,FALSE,1,TRUE,0.1,polypropylene,1,TRUE,TRUE,23,TRUE,0.6,TRUE,TRUE,--,--,water,ImpA,15,CoCl2,209,--,--,--,--,,1,,TRUE,0.6,TRUE,--,--,--,CoCl2,209,FALSE,ImpA,TRUE,FALSE,oligoadenylic acid,,TRUE,TRUE,FALSE,4.67,1,,AMP,,TRUE,FALSE,,,,--,--,--,--,AMP,100,--,--,--,--,--
53,https://www.proquest.com/openview/8d05d03428acaac9bd2aa90c4cb7e11f/,Constraining prebiotic RNA oligomerization in the context of hadean-archaean environments,Riggi,2019,Rensselaer Polytechnic Institute,batch,closed,72,3,FALSE,1,TRUE,0.1,polypropylene,1,TRUE,TRUE,23,TRUE,0.6,TRUE,TRUE,--,--,water,ImpA,15,CoCl2,104,--,--,--,--,,1,,TRUE,0.6,TRUE,--,--,--,CoCl2,104,FALSE,ImpA,TRUE,FALSE,oligoadenylic acid,,TRUE,TRUE,FALSE,5,1,,AMP,,TRUE,FALSE,,,,--,--,--,--,AMP,100,--,--,--,--,--
54,https://www.proquest.com/openview/8d05d03428acaac9bd2aa90c4cb7e11f/,Constraining prebiotic RNA oligomerization in the context of hadean-archaean environments,Riggi,2019,Rensselaer Polytechnic Institute,batch,closed,72,3,FALSE,1,TRUE,0.1,polypropylene,1,TRUE,TRUE,23,TRUE,0.6,TRUE,TRUE,--,--,water,ImpA,15,CoCl2,52.1,--,--,--,--,,1,,TRUE,0.6,TRUE,--,--,--,CoCl2,52.1,FALSE,ImpA,TRUE,FALSE,oligoadenylic acid,,TRUE,TRUE,FALSE,5,1,,AMP,,TRUE,FALSE,,,,--,--,--,--,AMP,100,--,--,--,--,--
55,https://www.proquest.com/openview/8d05d03428acaac9bd2aa90c4cb7e11f/,Constraining prebiotic RNA oligomerization in the context of hadean-archaean environments,Riggi,2019,Rensselaer Polytechnic Institute,batch,closed,72,3,FALSE,1,TRUE,0.1,polypropylene,1,TRUE,TRUE,23,TRUE,0.6,TRUE,TRUE,--,--,water,ImpA,15,CoCl2,26.1,--,--,--,--,,1,,TRUE,0.6,TRUE,--,--,--,CoCl2,26.1,FALSE,ImpA,TRUE,FALSE,oligoadenylic acid,,TRUE,TRUE,FALSE,4.67,1,,AMP,,TRUE,FALSE,,,,--,--,--,--,AMP,100,--,--,--,--,--
56,https://www.proquest.com/openview/8d05d03428acaac9bd2aa90c4cb7e11f/,Constraining prebiotic RNA oligomerization in the context of hadean-archaean environments,Riggi,2019,Rensselaer Polytechnic Institute,batch,closed,72,3,FALSE,1,TRUE,0.1,polypropylene,1,TRUE,TRUE,23,TRUE,0.6,TRUE,TRUE,--,--,water,ImpA,15,MnCl2,657,--,--,--,--,,1,,TRUE,0.6,TRUE,--,--,--,MnCl2,657,FALSE,ImpA,TRUE,FALSE,oligoadenylic acid,,TRUE,TRUE,FALSE,6.33,1,,AMP,,TRUE,FALSE,,,,--,--,--,--,AMP,100,--,--,--,--,--
57,https://www.proquest.com/openview/8d05d03428acaac9bd2aa90c4cb7e11f/,Constraining prebiotic RNA oligomerization in the context of hadean-archaean environments,Riggi,2019,Rensselaer Polytechnic Institute,batch,closed,72,3,FALSE,1,TRUE,0.1,polypropylene,1,TRUE,TRUE,23,TRUE,0.6,TRUE,TRUE,--,--,water,ImpA,15,MnCl2,493,--,--,--,--,,1,,TRUE,0.6,TRUE,--,--,--,MnCl2,493,FALSE,ImpA,TRUE,FALSE,oligoadenylic acid,,TRUE,TRUE,FALSE,5,1,,AMP,,TRUE,FALSE,,,,--,--,--,--,AMP,100,--,--,--,--,--
58,https://www.proquest.com/openview/8d05d03428acaac9bd2aa90c4cb7e11f/,Constraining prebiotic RNA oligomerization in the context of hadean-archaean environments,Riggi,2019,Rensselaer Polytechnic Institute,batch,closed,72,3,FALSE,1,TRUE,0.1,polypropylene,1,TRUE,TRUE,23,TRUE,0.6,TRUE,TRUE,--,--,water,ImpA,15,MnCl2,328,--,--,--,--,,1,,TRUE,0.6,TRUE,--,--,--,MnCl2,328,FALSE,ImpA,TRUE,FALSE,oligoadenylic acid,,TRUE,TRUE,FALSE,5,1,,AMP,,TRUE,FALSE,,,,--,--,--,--,AMP,100,--,--,--,--,--
59,https://www.proquest.com/openview/8d05d03428acaac9bd2aa90c4cb7e11f/,Constraining prebiotic RNA oligomerization in the context of hadean-archaean environments,Riggi,2019,Rensselaer Polytechnic Institute,batch,closed,72,3,FALSE,1,TRUE,0.1,polypropylene,1,TRUE,TRUE,23,TRUE,0.6,TRUE,TRUE,--,--,water,ImpA,15,MnCl2,164,--,--,--,--,,1,,TRUE,0.6,TRUE,--,--,--,MnCl2,164,FALSE,ImpA,TRUE,FALSE,oligoadenylic acid,,TRUE,TRUE,FALSE,5,1,,AMP,,TRUE,FALSE,,,,--,--,--,--,AMP,100,--,--,--,--,--
60,https://www.proquest.com/openview/8d05d03428acaac9bd2aa90c4cb7e11f/,Constraining prebiotic RNA oligomerization in the context of hadean-archaean environments,Riggi,2019,Rensselaer Polytechnic Institute,batch,closed,72,3,FALSE,1,TRUE,0.1,polypropylene,1,TRUE,TRUE,23,TRUE,0.6,TRUE,TRUE,--,--,water,ImpA,15,MnCl2,82.1,--,--,--,--,,1,,TRUE,0.6,TRUE,--,--,--,MnCl2,82.1,FALSE,ImpA,TRUE,FALSE,oligoadenylic acid,,TRUE,TRUE,FALSE,5,1,,AMP,,TRUE,FALSE,,,,--,--,--,--,AMP,100,--,--,--,--,--
61,https://www.proquest.com/openview/8d05d03428acaac9bd2aa90c4cb7e11f/,Constraining prebiotic RNA oligomerization in the context of hadean-archaean environments,Riggi,2019,Rensselaer Polytechnic Institute,batch,closed,72,3,FALSE,1,TRUE,0.1,polypropylene,1,TRUE,TRUE,23,TRUE,0.6,TRUE,TRUE,--,--,water,ImpA,15,MnCl2,41.1,--,--,--,--,,1,,TRUE,0.6,TRUE,--,--,--,MnCl2,41.1,FALSE,ImpA,TRUE,FALSE,oligoadenylic acid,,TRUE,TRUE,FALSE,4.67,1,,AMP,,TRUE,FALSE,,,,--,--,--,--,AMP,100,--,--,--,--,--
62,https://www.proquest.com/openview/8d05d03428acaac9bd2aa90c4cb7e11f/,Constraining prebiotic RNA oligomerization in the context of hadean-archaean environments,Riggi,2019,Rensselaer Polytechnic Institute,batch,closed,72,3,FALSE,1,TRUE,0.1,polypropylene,1,TRUE,TRUE,23,TRUE,0.6,TRUE,TRUE,--,--,water,ImpA,15,PbCl2,37.3,--,--,--,--,,1,,TRUE,0.6,TRUE,--,--,--,PbCl2,37.3,FALSE,ImpA,TRUE,FALSE,oligoadenylic acid,,TRUE,TRUE,FALSE,4.67,1,,AMP,,TRUE,FALSE,,,,--,--,--,--,AMP,100,--,--,--,--,--
63,https://www.proquest.com/openview/8d05d03428acaac9bd2aa90c4cb7e11f/,Constraining prebiotic RNA oligomerization in the context of hadean-archaean environments,Riggi,2019,Rensselaer Polytechnic Institute,batch,closed,72,3,FALSE,1,TRUE,0.1,polypropylene,1,TRUE,TRUE,23,TRUE,0.6,TRUE,TRUE,--,--,water,ImpA,15,PbCl2,28,--,--,--,--,,1,,TRUE,0.6,TRUE,--,--,--,PbCl2,28,FALSE,ImpA,TRUE,FALSE,oligoadenylic acid,,TRUE,TRUE,FALSE,4.33,1,,AMP,,TRUE,FALSE,,,,--,--,--,--,AMP,100,--,--,--,--,--
64,https://www.proquest.com/openview/8d05d03428acaac9bd2aa90c4cb7e11f/,Constraining prebiotic RNA oligomerization in the context of hadean-archaean environments,Riggi,2019,Rensselaer Polytechnic Institute,batch,closed,72,3,FALSE,1,TRUE,0.1,polypropylene,1,TRUE,TRUE,23,TRUE,0.6,TRUE,TRUE,--,--,water,ImpA,15,PbCl2,18.7,--,--,--,--,,1,,TRUE,0.6,TRUE,--,--,--,PbCl2,18.7,FALSE,ImpA,TRUE,FALSE,oligoadenylic acid,,TRUE,TRUE,FALSE,4.67,1,,AMP,,TRUE,FALSE,,,,--,--,--,--,AMP,100,--,--,--,--,--
65,https://www.proquest.com/openview/8d05d03428acaac9bd2aa90c4cb7e11f/,Constraining prebiotic RNA oligomerization in the context of hadean-archaean environments,Riggi,2019,Rensselaer Polytechnic Institute,batch,closed,72,3,FALSE,1,TRUE,0.1,polypropylene,1,TRUE,TRUE,23,TRUE,0.6,TRUE,TRUE,--,--,water,ImpA,15,PbCl2,9.3,--,--,--,--,,1,,TRUE,0.6,TRUE,--,--,--,PbCl2,9.3,FALSE,ImpA,TRUE,FALSE,oligoadenylic acid,,TRUE,TRUE,FALSE,6,1,,AMP,,TRUE,FALSE,,,,--,--,--,--,AMP,100,--,--,--,--,--
66,https://www.proquest.com/openview/8d05d03428acaac9bd2aa90c4cb7e11f/,Constraining prebiotic RNA oligomerization in the context of hadean-archaean environments,Riggi,2019,Rensselaer Polytechnic Institute,batch,closed,72,3,FALSE,1,TRUE,0.1,polypropylene,1,TRUE,TRUE,23,TRUE,0.6,TRUE,TRUE,--,--,water,ImpA,15,PbCl2,4.7,--,--,--,--,,1,,TRUE,0.6,TRUE,--,--,--,PbCl2,4.7,FALSE,ImpA,TRUE,FALSE,oligoadenylic acid,,TRUE,TRUE,FALSE,8,1,,AMP,,TRUE,FALSE,,,,--,--,--,--,AMP,100,--,--,--,--,--
67,https://www.proquest.com/openview/8d05d03428acaac9bd2aa90c4cb7e11f/,Constraining prebiotic RNA oligomerization in the context of hadean-archaean environments,Riggi,2019,Rensselaer Polytechnic Institute,batch,closed,72,3,FALSE,1,TRUE,0.1,polypropylene,1,TRUE,TRUE,23,TRUE,0.6,TRUE,TRUE,--,--,water,ImpA,15,PbCl2,2.3,--,--,--,--,,1,,TRUE,0.6,TRUE,--,--,--,PbCl2,2.3,FALSE,ImpA,TRUE,FALSE,oligoadenylic acid,,TRUE,TRUE,FALSE,7,1,,AMP,,TRUE,FALSE,,,,--,--,--,--,AMP,100,--,--,--,--,--
68,https://www.proquest.com/openview/8d05d03428acaac9bd2aa90c4cb7e11f/,Constraining prebiotic RNA oligomerization in the context of hadean-archaean environments,Riggi,2019,Rensselaer Polytechnic Institute,batch,closed,72,3,FALSE,1,TRUE,0.1,polypropylene,1,TRUE,TRUE,23,TRUE,0.6,TRUE,TRUE,--,--,water,ImpA,15,SrCl2,3390,--,--,--,--,,1,,TRUE,0.6,TRUE,--,--,--,SrCl2,3390,FALSE,ImpA,TRUE,FALSE,oligoadenylic acid,,TRUE,TRUE,FALSE,4,1,,AMP,,TRUE,FALSE,,,,--,--,--,--,AMP,100,--,--,--,--,--
69,https://www.proquest.com/openview/8d05d03428acaac9bd2aa90c4cb7e11f/,Constraining prebiotic RNA oligomerization in the context of hadean-archaean environments,Riggi,2019,Rensselaer Polytechnic Institute,batch,closed,72,3,FALSE,1,TRUE,0.1,polypropylene,1,TRUE,TRUE,23,TRUE,0.6,TRUE,TRUE,--,--,water,ImpA,15,SrCl2,2543,--,--,--,--,,1,,TRUE,0.6,TRUE,--,--,--,SrCl2,2543,FALSE,ImpA,TRUE,FALSE,oligoadenylic acid,,TRUE,TRUE,FALSE,3.67,1,,AMP,,TRUE,FALSE,,,,--,--,--,--,AMP,100,--,--,--,--,--
70,https://www.proquest.com/openview/8d05d03428acaac9bd2aa90c4cb7e11f/,Constraining prebiotic RNA oligomerization in the context of hadean-archaean environments,Riggi,2019,Rensselaer Polytechnic Institute,batch,closed,72,3,FALSE,1,TRUE,0.1,polypropylene,1,TRUE,TRUE,23,TRUE,0.6,TRUE,TRUE,--,--,water,ImpA,15,SrCl2,1695,--,--,--,--,,1,,TRUE,0.6,TRUE,--,--,--,SrCl2,1695,FALSE,ImpA,TRUE,FALSE,oligoadenylic acid,,TRUE,TRUE,FALSE,3,1,,AMP,,TRUE,FALSE,,,,--,--,--,--,AMP,100,--,--,--,--,--
71,https://www.proquest.com/openview/8d05d03428acaac9bd2aa90c4cb7e11f/,Constraining prebiotic RNA oligomerization in the context of hadean-archaean environments,Riggi,2019,Rensselaer Polytechnic Institute,batch,closed,72,3,FALSE,1,TRUE,0.1,polypropylene,1,TRUE,TRUE,23,TRUE,0.6,TRUE,TRUE,--,--,water,ImpA,15,SrCl2,848,--,--,--,--,,1,,TRUE,0.6,TRUE,--,--,--,SrCl2,848,FALSE,ImpA,TRUE,FALSE,oligoadenylic acid,,TRUE,TRUE,FALSE,3,1,,AMP,,TRUE,FALSE,,,,--,--,--,--,AMP,100,--,--,--,--,--
72,https://www.proquest.com/openview/8d05d03428acaac9bd2aa90c4cb7e11f/,Constraining prebiotic RNA oligomerization in the context of hadean-archaean environments,Riggi,2019,Rensselaer Polytechnic Institute,batch,closed,72,3,FALSE,1,TRUE,0.1,polypropylene,1,TRUE,TRUE,23,TRUE,0.6,TRUE,TRUE,--,--,water,ImpA,15,SrCl2,424,--,--,--,--,,1,,TRUE,0.6,TRUE,--,--,--,SrCl2,424,FALSE,ImpA,TRUE,FALSE,oligoadenylic acid,,TRUE,TRUE,FALSE,3,1,,AMP,,TRUE,FALSE,,,,--,--,--,--,AMP,100,--,--,--,--,--
73,https://www.proquest.com/openview/8d05d03428acaac9bd2aa90c4cb7e11f/,Constraining prebiotic RNA oligomerization in the context of hadean-archaean environments,Riggi,2019,Rensselaer Polytechnic Institute,batch,closed,72,3,FALSE,1,TRUE,0.1,polypropylene,1,TRUE,TRUE,23,TRUE,0.6,TRUE,TRUE,--,--,water,ImpA,15,SrCl2,212,--,--,--,--,,1,,TRUE,0.6,TRUE,--,--,--,SrCl2,212,FALSE,ImpA,TRUE,FALSE,oligoadenylic acid,,TRUE,TRUE,FALSE,3,1,,AMP,,TRUE,FALSE,,,,--,--,--,--,AMP,100,--,--,--,--,--
74,https://www.proquest.com/openview/8d05d03428acaac9bd2aa90c4cb7e11f/,Constraining prebiotic RNA oligomerization in the context of hadean-archaean environments,Riggi,2019,Rensselaer Polytechnic Institute,batch,closed,72,3,FALSE,1,TRUE,0.1,polypropylene,1,TRUE,TRUE,23,TRUE,0.6,TRUE,TRUE,--,--,water,ImpA,15,DyCl3,409,--,--,--,--,,1,,TRUE,0.6,TRUE,--,--,--,DyCl3,409,FALSE,ImpA,TRUE,FALSE,oligoadenylic acid,,TRUE,TRUE,FALSE,3,1,,AMP,,TRUE,FALSE,,,,--,--,--,--,AMP,100,--,--,--,--,--
75,https://www.proquest.com/openview/8d05d03428acaac9bd2aa90c4cb7e11f/,Constraining prebiotic RNA oligomerization in the context of hadean-archaean environments,Riggi,2019,Rensselaer Polytechnic Institute,batch,closed,72,3,FALSE,1,TRUE,0.1,polypropylene,1,TRUE,TRUE,23,TRUE,0.6,TRUE,TRUE,--,--,water,ImpA,15,DyCl3,307,--,--,--,--,,1,,TRUE,0.6,TRUE,--,--,--,DyCl3,307,FALSE,ImpA,TRUE,FALSE,oligoadenylic acid,,TRUE,TRUE,FALSE,3.33,1,,AMP,,TRUE,FALSE,,,,--,--,--,--,AMP,100,--,--,--,--,--
76,https://www.proquest.com/openview/8d05d03428acaac9bd2aa90c4cb7e11f/,Constraining prebiotic RNA oligomerization in the context of hadean-archaean environments,Riggi,2019,Rensselaer Polytechnic Institute,batch,closed,72,3,FALSE,1,TRUE,0.1,polypropylene,1,TRUE,TRUE,23,TRUE,0.6,TRUE,TRUE,--,--,water,ImpA,15,DyCl3,205,--,--,--,--,,1,,TRUE,0.6,TRUE,--,--,--,DyCl3,205,FALSE,ImpA,TRUE,FALSE,oligoadenylic acid,,TRUE,TRUE,FALSE,3,1,,AMP,,TRUE,FALSE,,,,--,--,--,--,AMP,100,--,--,--,--,--
77,https://www.proquest.com/openview/8d05d03428acaac9bd2aa90c4cb7e11f/,Constraining prebiotic RNA oligomerization in the context of hadean-archaean environments,Riggi,2019,Rensselaer Polytechnic Institute,batch,closed,72,3,FALSE,1,TRUE,0.1,polypropylene,1,TRUE,TRUE,23,TRUE,0.6,TRUE,TRUE,--,--,water,ImpA,15,DyCl3,102,--,--,--,--,,1,,TRUE,0.6,TRUE,--,--,--,DyCl3,102,FALSE,ImpA,TRUE,FALSE,oligoadenylic acid,,TRUE,TRUE,FALSE,4,1,,AMP,,TRUE,FALSE,,,,--,--,--,--,AMP,100,--,--,--,--,--
78,https://www.proquest.com/openview/8d05d03428acaac9bd2aa90c4cb7e11f/,Constraining prebiotic RNA oligomerization in the context of hadean-archaean environments,Riggi,2019,Rensselaer Polytechnic Institute,batch,closed,72,3,FALSE,1,TRUE,0.1,polypropylene,1,TRUE,TRUE,23,TRUE,0.6,TRUE,TRUE,--,--,water,ImpA,15,DyCl3,51.1,--,--,--,--,,1,,TRUE,0.6,TRUE,--,--,--,DyCl3,51.1,FALSE,ImpA,TRUE,FALSE,oligoadenylic acid,,TRUE,TRUE,FALSE,4,1,,AMP,,TRUE,FALSE,,,,--,--,--,--,AMP,100,--,--,--,--,--
79,https://www.proquest.com/openview/8d05d03428acaac9bd2aa90c4cb7e11f/,Constraining prebiotic RNA oligomerization in the context of hadean-archaean environments,Riggi,2019,Rensselaer Polytechnic Institute,batch,closed,72,3,FALSE,1,TRUE,0.1,polypropylene,1,TRUE,TRUE,23,TRUE,0.6,TRUE,TRUE,--,--,water,ImpA,15,DyCl3,25.6,--,--,--,--,,1,,TRUE,0.6,TRUE,--,--,--,DyCl3,25.6,FALSE,ImpA,TRUE,FALSE,oligoadenylic acid,,TRUE,TRUE,FALSE,4.33,1,,AMP,,TRUE,FALSE,,,,--,--,--,--,AMP,100,--,--,--,--,--
80,https://www.proquest.com/openview/8d05d03428acaac9bd2aa90c4cb7e11f/,Constraining prebiotic RNA oligomerization in the context of hadean-archaean environments,Riggi,2019,Rensselaer Polytechnic Institute,batch,closed,72,3,FALSE,1,TRUE,0.1,polypropylene,1,TRUE,TRUE,23,TRUE,0.6,TRUE,TRUE,--,--,water,ImpA,15,ErCl3,561,--,--,--,--,,1,,TRUE,0.6,TRUE,--,--,--,ErCl3,561,FALSE,ImpA,TRUE,FALSE,oligoadenylic acid,,TRUE,TRUE,FALSE,3.67,1,,AMP,,TRUE,FALSE,,,,--,--,--,--,AMP,100,--,--,--,--,--
81,https://www.proquest.com/openview/8d05d03428acaac9bd2aa90c4cb7e11f/,Constraining prebiotic RNA oligomerization in the context of hadean-archaean environments,Riggi,2019,Rensselaer Polytechnic Institute,batch,closed,72,3,FALSE,1,TRUE,0.1,polypropylene,1,TRUE,TRUE,23,TRUE,0.6,TRUE,TRUE,--,--,water,ImpA,15,ErCl3,421,--,--,--,--,,1,,TRUE,0.6,TRUE,--,--,--,ErCl3,421,FALSE,ImpA,TRUE,FALSE,oligoadenylic acid,,TRUE,TRUE,FALSE,3,1,,AMP,,TRUE,FALSE,,,,--,--,--,--,AMP,100,--,--,--,--,--
82,https://www.proquest.com/openview/8d05d03428acaac9bd2aa90c4cb7e11f/,Constraining prebiotic RNA oligomerization in the context of hadean-archaean environments,Riggi,2019,Rensselaer Polytechnic Institute,batch,closed,72,3,FALSE,1,TRUE,0.1,polypropylene,1,TRUE,TRUE,23,TRUE,0.6,TRUE,TRUE,--,--,water,ImpA,15,ErCl3,281,--,--,--,--,,1,,TRUE,0.6,TRUE,--,--,--,ErCl3,281,FALSE,ImpA,TRUE,FALSE,oligoadenylic acid,,TRUE,TRUE,FALSE,3,1,,AMP,,TRUE,FALSE,,,,--,--,--,--,AMP,100,--,--,--,--,--
83,https://www.proquest.com/openview/8d05d03428acaac9bd2aa90c4cb7e11f/,Constraining prebiotic RNA oligomerization in the context of hadean-archaean environments,Riggi,2019,Rensselaer Polytechnic Institute,batch,closed,72,3,FALSE,1,TRUE,0.1,polypropylene,1,TRUE,TRUE,23,TRUE,0.6,TRUE,TRUE,--,--,water,ImpA,15,ErCl3,140,--,--,--,--,,1,,TRUE,0.6,TRUE,--,--,--,ErCl3,140,FALSE,ImpA,TRUE,FALSE,oligoadenylic acid,,TRUE,TRUE,FALSE,3.33,1,,AMP,,TRUE,FALSE,,,,--,--,--,--,AMP,100,--,--,--,--,--
84,https://www.proquest.com/openview/8d05d03428acaac9bd2aa90c4cb7e11f/,Constraining prebiotic RNA oligomerization in the context of hadean-archaean environments,Riggi,2019,Rensselaer Polytechnic Institute,batch,closed,72,3,FALSE,1,TRUE,0.1,polypropylene,1,TRUE,TRUE,23,TRUE,0.6,TRUE,TRUE,--,--,water,ImpA,15,ErCl3,70.1,--,--,--,--,,1,,TRUE,0.6,TRUE,--,--,--,ErCl3,70.1,FALSE,ImpA,TRUE,FALSE,oligoadenylic acid,,TRUE,TRUE,FALSE,3.67,1,,AMP,,TRUE,FALSE,,,,--,--,--,--,AMP,100,--,--,--,--,--
85,https://www.proquest.com/openview/8d05d03428acaac9bd2aa90c4cb7e11f/,Constraining prebiotic RNA oligomerization in the context of hadean-archaean environments,Riggi,2019,Rensselaer Polytechnic Institute,batch,closed,72,3,FALSE,1,TRUE,0.1,polypropylene,1,TRUE,TRUE,23,TRUE,0.6,TRUE,TRUE,--,--,water,ImpA,15,ErCl3,35.1,--,--,--,--,,1,,TRUE,0.6,TRUE,--,--,--,ErCl3,35.1,FALSE,ImpA,TRUE,FALSE,oligoadenylic acid,,TRUE,TRUE,FALSE,4.33,1,,AMP,,TRUE,FALSE,,,,--,--,--,--,AMP,100,--,--,--,--,--
86,https://www.proquest.com/openview/8d05d03428acaac9bd2aa90c4cb7e11f/,Constraining prebiotic RNA oligomerization in the context of hadean-archaean environments,Riggi,2019,Rensselaer Polytechnic Institute,batch,closed,72,3,FALSE,1,TRUE,0.1,polypropylene,1,TRUE,TRUE,23,TRUE,0.6,TRUE,TRUE,--,--,water,ImpA,15,ErCl3,16.8,--,--,--,--,,1,,TRUE,0.6,TRUE,--,--,--,ErCl3,16.8,FALSE,ImpA,TRUE,FALSE,oligoadenylic acid,,TRUE,TRUE,FALSE,7,1,,AMP,,TRUE,FALSE,,,,--,--,--,--,AMP,100,--,--,--,--,--
87,https://www.proquest.com/openview/8d05d03428acaac9bd2aa90c4cb7e11f/,Constraining prebiotic RNA oligomerization in the context of hadean-archaean environments,Riggi,2019,Rensselaer Polytechnic Institute,batch,closed,72,3,FALSE,1,TRUE,0.1,polypropylene,1,TRUE,TRUE,23,TRUE,0.6,TRUE,TRUE,--,--,water,ImpA,15,ErCl3,5.6,--,--,--,--,,1,,TRUE,0.6,TRUE,--,--,--,ErCl3,5.6,FALSE,ImpA,TRUE,FALSE,oligoadenylic acid,,TRUE,TRUE,FALSE,4.33,1,,AMP,,TRUE,FALSE,,,,--,--,--,--,AMP,100,--,--,--,--,--
88,https://www.proquest.com/openview/8d05d03428acaac9bd2aa90c4cb7e11f/,Constraining prebiotic RNA oligomerization in the context of hadean-archaean environments,Riggi,2019,Rensselaer Polytechnic Institute,batch,closed,72,3,FALSE,1,TRUE,0.1,polypropylene,1,TRUE,TRUE,23,TRUE,0.6,TRUE,TRUE,--,--,water,ImpA,15,ErCl3,2.8,--,--,--,--,,1,,TRUE,0.6,TRUE,--,--,--,ErCl3,2.8,FALSE,ImpA,TRUE,FALSE,oligoadenylic acid,,TRUE,TRUE,FALSE,6.33,1,,AMP,,TRUE,FALSE,,,,--,--,--,--,AMP,100,--,--,--,--,--
89,https://www.proquest.com/openview/8d05d03428acaac9bd2aa90c4cb7e11f/,Constraining prebiotic RNA oligomerization in the context of hadean-archaean environments,Riggi,2019,Rensselaer Polytechnic Institute,batch,closed,72,3,FALSE,1,TRUE,0.1,polypropylene,1,TRUE,TRUE,23,TRUE,0.6,TRUE,TRUE,--,--,water,ImpA,15,CuCl2,4060,--,--,--,--,,1,,TRUE,0.6,TRUE,--,--,--,CuCl2,4060,FALSE,ImpA,TRUE,FALSE,oligoadenylic acid,,TRUE,TRUE,FALSE,2,1,,AMP,,TRUE,FALSE,,,,--,--,--,--,AMP,100,--,--,--,--,--
90,https://www.proquest.com/openview/8d05d03428acaac9bd2aa90c4cb7e11f/,Constraining prebiotic RNA oligomerization in the context of hadean-archaean environments,Riggi,2019,Rensselaer Polytechnic Institute,batch,closed,72,3,FALSE,1,TRUE,0.1,polypropylene,1,TRUE,TRUE,23,TRUE,0.6,TRUE,TRUE,--,--,water,ImpA,15,CuCl2,3045,--,--,--,--,,1,,TRUE,0.6,TRUE,--,--,--,CuCl2,3045,FALSE,ImpA,TRUE,FALSE,oligoadenylic acid,,TRUE,TRUE,FALSE,2,1,,AMP,,TRUE,FALSE,,,,--,--,--,--,AMP,100,--,--,--,--,--
91,https://www.proquest.com/openview/8d05d03428acaac9bd2aa90c4cb7e11f/,Constraining prebiotic RNA oligomerization in the context of hadean-archaean environments,Riggi,2019,Rensselaer Polytechnic Institute,batch,closed,72,3,FALSE,1,TRUE,0.1,polypropylene,1,TRUE,TRUE,23,TRUE,0.6,TRUE,TRUE,--,--,water,ImpA,15,CuCl2,2030,--,--,--,--,,1,,TRUE,0.6,TRUE,--,--,--,CuCl2,2030,FALSE,ImpA,TRUE,FALSE,oligoadenylic acid,,TRUE,TRUE,FALSE,2,1,,AMP,,TRUE,FALSE,,,,--,--,--,--,AMP,100,--,--,--,--,--
92,https://www.proquest.com/openview/8d05d03428acaac9bd2aa90c4cb7e11f/,Constraining prebiotic RNA oligomerization in the context of hadean-archaean environments,Riggi,2019,Rensselaer Polytechnic Institute,batch,closed,72,3,FALSE,1,TRUE,0.1,polypropylene,1,TRUE,TRUE,23,TRUE,0.6,TRUE,TRUE,--,--,water,ImpA,15,CuCl2,1015,--,--,--,--,,1,,TRUE,0.6,TRUE,--,--,--,CuCl2,1015,FALSE,ImpA,TRUE,FALSE,oligoadenylic acid,,TRUE,TRUE,FALSE,2.33,1,,AMP,,TRUE,FALSE,,,,--,--,--,--,AMP,100,--,--,--,--,--
93,https://www.proquest.com/openview/8d05d03428acaac9bd2aa90c4cb7e11f/,Constraining prebiotic RNA oligomerization in the context of hadean-archaean environments,Riggi,2019,Rensselaer Polytechnic Institute,batch,closed,72,3,FALSE,1,TRUE,0.1,polypropylene,1,TRUE,TRUE,23,TRUE,0.6,TRUE,TRUE,--,--,water,ImpA,15,CuCl2,508,--,--,--,--,,1,,TRUE,0.6,TRUE,--,--,--,CuCl2,508,FALSE,ImpA,TRUE,FALSE,oligoadenylic acid,,TRUE,TRUE,FALSE,2,1,,AMP,,TRUE,FALSE,,,,--,--,--,--,AMP,100,--,--,--,--,--
94,https://www.proquest.com/openview/8d05d03428acaac9bd2aa90c4cb7e11f/,Constraining prebiotic RNA oligomerization in the context of hadean-archaean environments,Riggi,2019,Rensselaer Polytechnic Institute,batch,closed,72,3,FALSE,1,TRUE,0.1,polypropylene,1,TRUE,TRUE,23,TRUE,0.6,TRUE,TRUE,--,--,water,ImpA,15,CuCl2,338,--,--,--,--,,1,,TRUE,0.6,TRUE,--,--,--,CuCl2,338,FALSE,ImpA,TRUE,FALSE,oligoadenylic acid,,TRUE,TRUE,FALSE,2.67,1,,AMP,,TRUE,FALSE,,,,--,--,--,--,AMP,100,--,--,--,--,--
95,https://www.proquest.com/openview/8d05d03428acaac9bd2aa90c4cb7e11f/,Constraining prebiotic RNA oligomerization in the context of hadean-archaean environments,Riggi,2019,Rensselaer Polytechnic Institute,batch,closed,72,3,FALSE,1,TRUE,0.1,polypropylene,1,TRUE,TRUE,23,TRUE,0.6,TRUE,TRUE,--,--,water,ImpA,15,CuCl2,254,--,--,--,--,,1,,TRUE,0.6,TRUE,--,--,--,CuCl2,254,FALSE,ImpA,TRUE,FALSE,oligoadenylic acid,,TRUE,TRUE,FALSE,2.5,1,,AMP,,TRUE,FALSE,,,,--,--,--,--,AMP,100,--,--,--,--,--
96,https://www.proquest.com/openview/8d05d03428acaac9bd2aa90c4cb7e11f/,Constraining prebiotic RNA oligomerization in the context of hadean-archaean environments,Riggi,2019,Rensselaer Polytechnic Institute,batch,closed,72,3,FALSE,1,TRUE,0.1,polypropylene,1,TRUE,TRUE,23,TRUE,0.6,TRUE,TRUE,--,--,water,ImpA,15,CuCl2,169,--,--,--,--,,1,,TRUE,0.6,TRUE,--,--,--,CuCl2,169,FALSE,ImpA,TRUE,FALSE,oligoadenylic acid,,TRUE,TRUE,FALSE,2,1,,AMP,,TRUE,FALSE,,,,--,--,--,--,AMP,100,--,--,--,--,--
97,https://www.proquest.com/openview/8d05d03428acaac9bd2aa90c4cb7e11f/,Constraining prebiotic RNA oligomerization in the context of hadean-archaean environments,Riggi,2019,Rensselaer Polytechnic Institute,batch,closed,72,3,FALSE,1,TRUE,0.1,polypropylene,1,TRUE,TRUE,23,TRUE,0.6,TRUE,TRUE,--,--,water,ImpA,15,CuCl2,84.4,--,--,--,--,,1,,TRUE,0.6,TRUE,--,--,--,CuCl2,84.4,FALSE,ImpA,TRUE,FALSE,oligoadenylic acid,,TRUE,TRUE,FALSE,2,1,,AMP,,TRUE,FALSE,,,,--,--,--,--,AMP,100,--,--,--,--,--
98,https://www.proquest.com/openview/8d05d03428acaac9bd2aa90c4cb7e11f/,Constraining prebiotic RNA oligomerization in the context of hadean-archaean environments,Riggi,2019,Rensselaer Polytechnic Institute,batch,closed,72,3,FALSE,1,TRUE,0.1,polypropylene,1,TRUE,TRUE,23,TRUE,0.6,TRUE,TRUE,--,--,water,ImpA,15,CuCl2,42.2,--,--,--,--,,1,,TRUE,0.6,TRUE,--,--,--,CuCl2,42.2,FALSE,ImpA,TRUE,FALSE,oligoadenylic acid,,TRUE,TRUE,FALSE,2.67,1,,AMP,,TRUE,FALSE,,,,--,--,--,--,AMP,100,--,--,--,--,--
99,https://www.proquest.com/openview/8d05d03428acaac9bd2aa90c4cb7e11f/,Constraining prebiotic RNA oligomerization in the context of hadean-archaean environments,Riggi,2019,Rensselaer Polytechnic Institute,batch,closed,72,3,FALSE,1,TRUE,0.1,polypropylene,1,TRUE,TRUE,23,TRUE,0.6,TRUE,TRUE,--,--,water,ImpA,15,CuCl2,21.1,,,--,--,,1,,TRUE,0.6,TRUE,--,--,--,CuCl2,21.1,FALSE,ImpA,TRUE,FALSE,oligoadenylic acid,,TRUE,TRUE,FALSE,3,1,,AMP,,TRUE,FALSE,,,,--,--,--,--,AMP,100,--,--,--,--,--
100,https://www.proquest.com/openview/8d05d03428acaac9bd2aa90c4cb7e11f/,Constraining prebiotic RNA oligomerization in the context of hadean-archaean environments,Riggi,2019,Rensselaer Polytechnic Institute,batch,closed,72,3,FALSE,1,TRUE,0.1,silica glass,1,TRUE,TRUE,23,TRUE,3.7,TRUE,FALSE,N2,1,water,ImpA,15,FeCl2,0.1,--,--,--,--,,1,,TRUE,3.7,FALSE,N2,1,FALSE,FeCl2,0.1,FALSE,ImpA,TRUE,FALSE,oligoadenylic acid,,TRUE,TRUE,FALSE,3,1,,AMP,,TRUE,FALSE,,,,--,--,--,--,AMP,100,--,--,--,--,--
101,https://www.proquest.com/openview/8d05d03428acaac9bd2aa90c4cb7e11f/,Constraining prebiotic RNA oligomerization in the context of hadean-archaean environments,Riggi,2019,Rensselaer Polytechnic Institute,batch,closed,72,3,FALSE,1,TRUE,0.1,silica glass,1,TRUE,TRUE,23,TRUE,3.7,TRUE,FALSE,N2,1,water,ImpA,15,FeCl2,1,--,--,--,--,,1,,TRUE,3.7,FALSE,N2,1,FALSE,FeCl2,1,FALSE,ImpA,TRUE,FALSE,oligoadenylic acid,,TRUE,TRUE,FALSE,3,1,,AMP,,TRUE,FALSE,,,,--,--,--,--,AMP,100,--,--,--,--,--
102,https://www.proquest.com/openview/8d05d03428acaac9bd2aa90c4cb7e11f/,Constraining prebiotic RNA oligomerization in the context of hadean-archaean environments,Riggi,2019,Rensselaer Polytechnic Institute,batch,closed,72,3,FALSE,1,TRUE,0.1,silica glass,1,TRUE,TRUE,23,TRUE,3.7,TRUE,FALSE,N2,1,water,ImpA,15,FeCl2,10,--,--,--,--,,1,,TRUE,3.7,FALSE,N2,1,FALSE,FeCl2,10,FALSE,ImpA,TRUE,FALSE,oligoadenylic acid,,TRUE,TRUE,FALSE,5,1,,AMP,,TRUE,FALSE,,,,--,--,--,--,AMP,100,--,--,--,--,--
103,https://www.proquest.com/openview/8d05d03428acaac9bd2aa90c4cb7e11f/,Constraining prebiotic RNA oligomerization in the context of hadean-archaean environments,Riggi,2019,Rensselaer Polytechnic Institute,batch,closed,72,3,FALSE,1,TRUE,0.1,silica glass,1,TRUE,TRUE,23,TRUE,3.7,TRUE,FALSE,N2,1,water,ImpA,15,FeCl2,278,--,--,--,--,,1,,TRUE,3.7,FALSE,N2,1,FALSE,FeCl2,278,FALSE,ImpA,TRUE,FALSE,oligoadenylic acid,,TRUE,TRUE,FALSE,4.67,1,,AMP,,TRUE,FALSE,,,,--,--,--,--,AMP,100,--,--,--,--,--
104,https://www.proquest.com/openview/8d05d03428acaac9bd2aa90c4cb7e11f/,Constraining prebiotic RNA oligomerization in the context of hadean-archaean environments,Riggi,2019,Rensselaer Polytechnic Institute,batch,closed,72,3,FALSE,1,TRUE,0.1,silica glass,1,TRUE,TRUE,23,TRUE,3.7,TRUE,FALSE,N2,1,water,ImpA,15,FeCl2,555,--,--,--,--,,1,,TRUE,3.7,FALSE,N2,1,FALSE,FeCl2,555,FALSE,ImpA,TRUE,FALSE,oligoadenylic acid,,TRUE,TRUE,FALSE,4.67,1,,AMP,,TRUE,FALSE,,,,--,--,--,--,AMP,100,--,--,--,--,--
105,https://www.proquest.com/openview/8d05d03428acaac9bd2aa90c4cb7e11f/,Constraining prebiotic RNA oligomerization in the context of hadean-archaean environments,Riggi,2019,Rensselaer Polytechnic Institute,batch,closed,72,3,FALSE,1,TRUE,0.1,silica glass,1,TRUE,TRUE,23,TRUE,3.7,TRUE,FALSE,N2,1,water,ImpA,15,FeCl2,111,--,--,--,--,,1,,TRUE,3.7,FALSE,N2,1,FALSE,FeCl2,111,FALSE,ImpA,TRUE,FALSE,oligoadenylic acid,,TRUE,TRUE,FALSE,5.33,1,,AMP,,TRUE,FALSE,,,,--,--,--,--,AMP,100,--,--,--,--,--
106,https://www.proquest.com/openview/8d05d03428acaac9bd2aa90c4cb7e11f/,Constraining prebiotic RNA oligomerization in the context of hadean-archaean environments,Riggi,2019,Rensselaer Polytechnic Institute,batch,closed,72,3,FALSE,1,TRUE,0.1,silica glass,1,TRUE,TRUE,23,TRUE,3.7,TRUE,FALSE,N2,1,water,ImpA,15,FeCl2,1110,--,--,--,--,,1,,TRUE,3.7,FALSE,N2,1,FALSE,FeCl2,1110,FALSE,ImpA,TRUE,FALSE,oligoadenylic acid,,TRUE,TRUE,FALSE,3.67,1,,AMP,,TRUE,FALSE,,,,--,--,--,--,AMP,100,--,--,--,--,--
107,https://www.proquest.com/openview/8d05d03428acaac9bd2aa90c4cb7e11f/,Constraining prebiotic RNA oligomerization in the context of hadean-archaean environments,Riggi,2019,Rensselaer Polytechnic Institute,batch,closed,72,3,FALSE,1,TRUE,0.1,silica glass,1,TRUE,TRUE,23,TRUE,3.7,TRUE,FALSE,N2,1,water,ImpA,15,FeCl2,2220,,,--,--,,1,,TRUE,3.7,FALSE,N2,1,FALSE,FeCl2,2220,FALSE,ImpA,TRUE,FALSE,oligoadenylic acid,,TRUE,TRUE,FALSE,4,1,,AMP,,TRUE,FALSE,,,,--,--,--,--,AMP,100,--,--,--,--,--
108,https://www.proquest.com/openview/8d05d03428acaac9bd2aa90c4cb7e11f/,Constraining prebiotic RNA oligomerization in the context of hadean-archaean environments,Riggi,2019,Rensselaer Polytechnic Institute,batch,closed,72,3,FALSE,1,TRUE,0.1,silica glass,1,TRUE,TRUE,23,TRUE,3.7,TRUE,FALSE,N2,1,water,ImpA,15,FeCl2,3330,--,--,--,--,,1,,TRUE,3.7,FALSE,N2,1,FALSE,FeCl2,3330,FALSE,ImpA,TRUE,FALSE,oligoadenylic acid,,TRUE,TRUE,FALSE,3.33,1,,AMP,,TRUE,FALSE,,,,--,--,--,--,AMP,100,--,--,--,--,--
109,https://www.proquest.com/openview/8d05d03428acaac9bd2aa90c4cb7e11f/,Constraining prebiotic RNA oligomerization in the context of hadean-archaean environments,Riggi,2019,Rensselaer Polytechnic Institute,batch,closed,72,3,FALSE,1,TRUE,0.1,silica glass,1,TRUE,TRUE,23,TRUE,3.7,TRUE,FALSE,N2,1,water,ImpA,15,FeCl2,4440,--,--,--,--,,1,,TRUE,3.7,FALSE,N2,1,FALSE,FeCl2,4440,FALSE,ImpA,TRUE,FALSE,oligoadenylic acid,,TRUE,TRUE,FALSE,2.33,1,,AMP,,TRUE,FALSE,,,,--,--,--,--,AMP,100,--,--,--,--,--
110,https://www.proquest.com/openview/8d05d03428acaac9bd2aa90c4cb7e11f/,Constraining prebiotic RNA oligomerization in the context of hadean-archaean environments,Riggi,2019,Rensselaer Polytechnic Institute,batch,closed,72,3,FALSE,1,TRUE,0.1,polypropylene,1,TRUE,FALSE,30,TRUE,0.1,TRUE,TRUE,--,--,water,ImpA,15,CaCl2,1000,--,--,--,--,,1,30,FALSE,0.1,TRUE,--,--,--,CaCl2,1000,FALSE,ImpA,TRUE,FALSE,oligoadenylic acid,,TRUE,TRUE,FALSE,5.33,1,,AMP,,TRUE,FALSE,,,,--,--,--,--,AMP,100,--,--,--,--,--
111,https://www.proquest.com/openview/8d05d03428acaac9bd2aa90c4cb7e11f/,Constraining prebiotic RNA oligomerization in the context of hadean-archaean environments,Riggi,2019,Rensselaer Polytechnic Institute,batch,closed,72,3,FALSE,1,TRUE,0.1,polypropylene,1,TRUE,FALSE,40,TRUE,0.1,TRUE,TRUE,--,--,water,ImpA,15,CaCl2,1000,,,--,--,,1,40,FALSE,0.1,TRUE,--,--,--,CaCl2,1000,FALSE,ImpA,TRUE,FALSE,oligoadenylic acid,,TRUE,TRUE,FALSE,4.67,1,,AMP,,TRUE,FALSE,,,,--,--,--,--,AMP,100,--,--,--,--,--
112,https://www.proquest.com/openview/8d05d03428acaac9bd2aa90c4cb7e11f/,Constraining prebiotic RNA oligomerization in the context of hadean-archaean environments,Riggi,2019,Rensselaer Polytechnic Institute,batch,closed,72,3,FALSE,1,TRUE,0.1,polypropylene,1,TRUE,FALSE,50,TRUE,0.1,TRUE,TRUE,--,--,water,ImpA,15,CaCl2,1000,--,--,--,--,,1,50,FALSE,0.1,TRUE,--,--,--,CaCl2,4.33,FALSE,ImpA,TRUE,FALSE,oligoadenylic acid,,TRUE,TRUE,FALSE,4.33,1,,AMP,,TRUE,FALSE,,,,--,--,--,--,AMP,100,--,--,--,--,--
113,https://www.proquest.com/openview/8d05d03428acaac9bd2aa90c4cb7e11f/,Constraining prebiotic RNA oligomerization in the context of hadean-archaean environments,Riggi,2019,Rensselaer Polytechnic Institute,batch,closed,72,3,FALSE,1,TRUE,0.1,polypropylene,1,TRUE,FALSE,60,TRUE,0.1,TRUE,TRUE,--,--,water,ImpA,15,CaCl2,1000,--,--,--,--,,1,60,FALSE,0.1,TRUE,--,--,--,CaCl2,1000,FALSE,ImpA,TRUE,FALSE,oligoadenylic acid,,TRUE,TRUE,FALSE,4,1,,AMP,,TRUE,FALSE,,,,--,--,--,--,AMP,100,--,--,--,--,--
114,https://www.proquest.com/openview/8d05d03428acaac9bd2aa90c4cb7e11f/,Constraining prebiotic RNA oligomerization in the context of hadean-archaean environments,Riggi,2019,Rensselaer Polytechnic Institute,batch,closed,72,3,FALSE,1,TRUE,0.1,polypropylene,1,TRUE,FALSE,70,TRUE,0.6,TRUE,TRUE,--,--,water,ImpA,15,CaCl2,1000,--,--,--,--,,1,70,FALSE,0.6,TRUE,--,--,--,CaCl2,1000,FALSE,ImpA,TRUE,FALSE,oligoadenylic acid,,TRUE,TRUE,FALSE,3.33,1,,AMP,,TRUE,FALSE,,,,--,--,--,--,AMP,100,--,--,--,--,--
115,https://www.proquest.com/openview/8d05d03428acaac9bd2aa90c4cb7e11f/,Constraining prebiotic RNA oligomerization in the context of hadean-archaean environments,Riggi,2019,Rensselaer Polytechnic Institute,batch,closed,72,3,FALSE,1,TRUE,0.1,polypropylene,1,TRUE,FALSE,85,TRUE,0.6,TRUE,TRUE,--,--,water,ImpA,15,CaCl2,1000,--,--,--,--,,1,85,FALSE,0.6,TRUE,--,--,--,CaCl2,1000,FALSE,ImpA,TRUE,FALSE,oligoadenylic acid,,TRUE,TRUE,FALSE,2,1,,AMP,,TRUE,FALSE,,,,--,--,--,--,AMP,100,--,--,--,--,--
116,https://www.proquest.com/openview/8d05d03428acaac9bd2aa90c4cb7e11f/,Constraining prebiotic RNA oligomerization in the context of hadean-archaean environments,Riggi,2019,Rensselaer Polytechnic Institute,batch,closed,72,3,FALSE,1,TRUE,0.1,polypropylene,1000,TRUE,FALSE,25,TRUE,0.6,TRUE,TRUE,--,--,water,ImpA,15,CaCl2,1000,--,--,--,--,,1000,25,FALSE,0.6,TRUE,--,--,--,CaCl2,1000,FALSE,ImpA,TRUE,FALSE,oligoadenylic acid,,TRUE,TRUE,FALSE,5.33,1,,AMP,,TRUE,FALSE,,,,--,--,--,--,AMP,100,--,--,--,--,--
117,https://www.proquest.com/openview/8d05d03428acaac9bd2aa90c4cb7e11f/,Constraining prebiotic RNA oligomerization in the context of hadean-archaean environments,Riggi,2019,Rensselaer Polytechnic Institute,batch,closed,72,3,FALSE,1,TRUE,0.1,polypropylene,1000,TRUE,FALSE,40,TRUE,0.6,TRUE,TRUE,--,--,water,ImpA,15,CaCl2,1000,--,--,--,--,,1000,40,FALSE,0.6,TRUE,--,--,--,CaCl2,1000,FALSE,ImpA,TRUE,FALSE,oligoadenylic acid,,TRUE,TRUE,FALSE,5,1,,AMP,,TRUE,FALSE,,,,--,--,--,--,AMP,100,--,--,--,--,--
118,https://www.proquest.com/openview/8d05d03428acaac9bd2aa90c4cb7e11f/,Constraining prebiotic RNA oligomerization in the context of hadean-archaean environments,Riggi,2019,Rensselaer Polytechnic Institute,batch,closed,72,3,FALSE,1,TRUE,0.1,polypropylene,1000,TRUE,FALSE,60,TRUE,0.6,TRUE,TRUE,--,--,water,ImpA,15,CaCl2,1000,--,--,--,--,,1000,60,FALSE,0.6,TRUE,--,--,--,CaCl2,1000,FALSE,ImpA,TRUE,FALSE,oligoadenylic acid,,TRUE,TRUE,FALSE,4,1,,AMP,,TRUE,FALSE,,,,--,--,--,--,AMP,100,--,--,--,--,--
119,https://www.proquest.com/openview/8d05d03428acaac9bd2aa90c4cb7e11f/,Constraining prebiotic RNA oligomerization in the context of hadean-archaean environments,Riggi,2019,Rensselaer Polytechnic Institute,batch,closed,72,3,FALSE,1,TRUE,0.1,polypropylene,1000,TRUE,FALSE,80,TRUE,0.6,TRUE,TRUE,--,--,water,ImpA,15,CaCl2,1000,--,--,--,--,,1000,80,FALSE,0.6,TRUE,--,--,--,CaCl2,1000,FALSE,ImpA,TRUE,FALSE,oligoadenylic acid,,TRUE,TRUE,FALSE,4,1,,AMP,,TRUE,FALSE,,,,--,--,--,--,AMP,100,--,--,--,--,--
120,https://www.proquest.com/openview/8d05d03428acaac9bd2aa90c4cb7e11f/,Constraining prebiotic RNA oligomerization in the context of hadean-archaean environments,Riggi,2019,Rensselaer Polytechnic Institute,batch,closed,72,3,FALSE,1,TRUE,0.1,polypropylene,1,TRUE,FALSE,30,TRUE,0.6,TRUE,TRUE,--,--,water,ImpA,15,PbCl2,5,--,--,--,--,,1,30,FALSE,0.6,TRUE,--,--,--,PbCl2,5,FALSE,ImpA,TRUE,FALSE,oligoadenylic acid,,TRUE,TRUE,FALSE,9,1,,AMP,,TRUE,FALSE,,,,--,--,--,--,AMP,100,--,--,--,--,--
121,https://www.proquest.com/openview/8d05d03428acaac9bd2aa90c4cb7e11f/,Constraining prebiotic RNA oligomerization in the context of hadean-archaean environments,Riggi,2019,Rensselaer Polytechnic Institute,batch,closed,72,3,FALSE,1,TRUE,0.1,polypropylene,1,TRUE,FALSE,40,TRUE,0.6,TRUE,TRUE,--,--,water,ImpA,15,PbCl2,5,--,--,--,--,,1,40,FALSE,0.6,TRUE,--,--,--,PbCl2,5,FALSE,ImpA,TRUE,FALSE,oligoadenylic acid,,TRUE,TRUE,FALSE,8.33,1,,AMP,,TRUE,FALSE,,,,--,--,--,--,AMP,100,--,--,--,--,--
122,https://www.proquest.com/openview/8d05d03428acaac9bd2aa90c4cb7e11f/,Constraining prebiotic RNA oligomerization in the context of hadean-archaean environments,Riggi,2019,Rensselaer Polytechnic Institute,batch,closed,72,3,FALSE,1,TRUE,0.1,polypropylene,1,TRUE,FALSE,50,TRUE,0.6,TRUE,TRUE,--,--,water,ImpA,15,PbCl2,5,--,--,--,--,,1,50,FALSE,0.6,TRUE,--,--,--,PbCl2,5,FALSE,ImpA,TRUE,FALSE,oligoadenylic acid,,TRUE,TRUE,FALSE,7.33,1,,AMP,,TRUE,FALSE,,,,--,--,--,--,AMP,100,--,--,--,--,--
123,https://www.proquest.com/openview/8d05d03428acaac9bd2aa90c4cb7e11f/,Constraining prebiotic RNA oligomerization in the context of hadean-archaean environments,Riggi,2019,Rensselaer Polytechnic Institute,batch,closed,72,3,FALSE,1,TRUE,0.1,polypropylene,1,TRUE,FALSE,60,TRUE,0.6,TRUE,TRUE,--,--,water,ImpA,15,PbCl2,5,--,--,--,--,,1,60,FALSE,0.6,TRUE,--,--,--,PbCl2,5,FALSE,ImpA,TRUE,FALSE,oligoadenylic acid,,TRUE,TRUE,FALSE,6,1,,AMP,,TRUE,FALSE,,,,--,--,--,--,AMP,100,--,--,--,--,--
124,https://www.proquest.com/openview/8d05d03428acaac9bd2aa90c4cb7e11f/,Constraining prebiotic RNA oligomerization in the context of hadean-archaean environments,Riggi,2019,Rensselaer Polytechnic Institute,batch,closed,72,3,FALSE,1,TRUE,0.1,polypropylene,1,TRUE,FALSE,70,TRUE,0.6,TRUE,TRUE,--,--,water,ImpA,15,PbCl2,5,--,--,--,--,,1,70,FALSE,0.6,TRUE,--,--,--,PbCl2,5,FALSE,ImpA,TRUE,FALSE,oligoadenylic acid,,TRUE,TRUE,FALSE,5.33,1,,AMP,,TRUE,FALSE,,,,--,--,--,--,AMP,100,--,--,--,--,--
125,https://www.proquest.com/openview/8d05d03428acaac9bd2aa90c4cb7e11f/,Constraining prebiotic RNA oligomerization in the context of hadean-archaean environments,Riggi,2019,Rensselaer Polytechnic Institute,batch,closed,72,3,FALSE,1,TRUE,0.1,polypropylene,1,TRUE,FALSE,83,TRUE,0.6,TRUE,TRUE,--,--,water,ImpA,15,PbCl2,5,--,--,--,--,,1,83,FALSE,0.6,TRUE,--,--,--,PbCl2,5,FALSE,ImpA,TRUE,FALSE,oligoadenylic acid,,TRUE,TRUE,FALSE,4.33,1,,AMP,,TRUE,FALSE,,,,--,--,--,--,AMP,100,--,--,--,--,--
126,https://www.proquest.com/openview/8d05d03428acaac9bd2aa90c4cb7e11f/,PbCl2 5mM 1kbar varT,Riggi,2019,Rensselaer Polytechnic Institute,batch,closed,72,3,FALSE,1,TRUE,0.1,polypropylene,1000,TRUE,FALSE,40,TRUE,0.1,TRUE,TRUE,--,--,water,ImpA,15,PbCl2,5,--,--,--,--,,1000,40,FALSE,0.1,--,--,--,--,PbCl2,5,FALSE,ImpA,TRUE,FALSE,oligoadenylic acid,,TRUE,TRUE,FALSE,8.67,1,,AMP,,TRUE,FALSE,,,,--,--,--,--,AMP,100,--,--,--,--,--
127,https://www.proquest.com/openview/8d05d03428acaac9bd2aa90c4cb7e11f/,PbCl2 5mM 1kbar varT,Riggi,2019,Rensselaer Polytechnic Institute,batch,closed,72,3,FALSE,1,TRUE,0.1,polypropylene,1000,TRUE,FALSE,60,TRUE,0.1,TRUE,TRUE,--,--,water,ImpA,15,PbCl2,5,--,--,--,--,,1000,60,FALSE,0.1,--,--,--,--,PbCl2,5,FALSE,ImpA,TRUE,FALSE,oligoadenylic acid,,TRUE,TRUE,FALSE,7,1,,AMP,,TRUE,FALSE,,,,--,--,--,--,AMP,100,--,--,--,--,--
128,https://www.proquest.com/openview/8d05d03428acaac9bd2aa90c4cb7e11f/,PbCl2 5mM 1kbar varT,Riggi,2019,Rensselaer Polytechnic Institute,batch,closed,72,3,FALSE,1,TRUE,0.1,polypropylene,1000,TRUE,FALSE,80,TRUE,0.1,TRUE,TRUE,--,--,water,ImpA,15,PbCl2,5,--,--,--,--,,1000,80,FALSE,0.1,--,--,--,--,PbCl2,5,FALSE,ImpA,TRUE,FALSE,oligoadenylic acid,,TRUE,TRUE,FALSE,4,1,,AMP,,TRUE,FALSE,,,,--,--,--,--,AMP,100,--,--,--,--,--
129,https://www.proquest.com/openview/8d05d03428acaac9bd2aa90c4cb7e11f/,MMC Raw 1bar varT,Riggi,2019,Rensselaer Polytechnic Institute,batch,closed,72,3,FALSE,1,TRUE,0.1,polypropylene,1,TRUE,FALSE,30,TRUE,0.6,TRUE,TRUE,--,--,water,ImpA,15,--,--,--,--,M,Montmorillonite (untreated),5,1,30,FALSE,0.6,--,--,--,--,ImpA,,TRUE,AMP,TRUE,FALSE,oligoadenylic acid,,TRUE,TRUE,FALSE,6,1,FALSE,--,--,--,--,--,,--,--,--,--,--,AMP,100,--,--,Montmorillonite (untreated),5,FALSE
130,https://www.proquest.com/openview/8d05d03428acaac9bd2aa90c4cb7e11f/,MMC Raw 1bar varT,Riggi,2019,Rensselaer Polytechnic Institute,batch,closed,72,3,FALSE,1,TRUE,0.1,polypropylene,1,TRUE,FALSE,40,TRUE,0.6,TRUE,TRUE,--,--,water,ImpA,15,--,--,--,--,M,Montmorillonite (untreated),5,1,40,FALSE,0.6,TRUE,--,--,--,ImpA,,TRUE,AMP,TRUE,FALSE,oligoadenylic acid,,TRUE,TRUE,FALSE,5.33,1,FALSE,--,--,--,--,--,,--,--,--,--,--,AMP,100,--,--,Montmorillonite (untreated),5,FALSE
131,https://www.proquest.com/openview/8d05d03428acaac9bd2aa90c4cb7e11f/,MMC Raw 1bar varT,Riggi,2019,Rensselaer Polytechnic Institute,batch,closed,72,3,FALSE,1,TRUE,0.1,polypropylene,1,TRUE,FALSE,50,TRUE,0.6,TRUE,TRUE,--,--,water,ImpA,15,--,--,--,--,M,Montmorillonite (untreated),5,1,50,FALSE,0.6,TRUE,--,--,--,ImpA,,TRUE,AMP,TRUE,FALSE,oligoadenylic acid,,TRUE,TRUE,FALSE,4.67,1,FALSE,--,--,--,--,--,,--,--,--,--,--,AMP,100,--,--,Montmorillonite (untreated),5,FALSE
132,https://www.proquest.com/openview/8d05d03428acaac9bd2aa90c4cb7e11f/,MMC Raw 1bar varT,Riggi,2019,Rensselaer Polytechnic Institute,batch,closed,72,3,FALSE,1,TRUE,0.1,polypropylene,1,TRUE,FALSE,60,TRUE,0.6,TRUE,TRUE,--,--,water,ImpA,15,--,--,--,--,M,Montmorillonite (untreated),5,1,60,FALSE,0.6,TRUE,--,--,--,ImpA,,TRUE,AMP,TRUE,FALSE,oligoadenylic acid,,TRUE,TRUE,FALSE,4.33,1,FALSE,--,--,--,--,--,,--,--,--,--,--,AMP,100,--,--,Montmorillonite (untreated),5,FALSE
133,https://www.proquest.com/openview/8d05d03428acaac9bd2aa90c4cb7e11f/,MMC Raw 1bar varT,Riggi,2019,Rensselaer Polytechnic Institute,batch,closed,72,3,FALSE,1,TRUE,0.1,polypropylene,1,TRUE,FALSE,70,TRUE,0.6,TRUE,TRUE,--,--,water,ImpA,15,--,--,--,--,M,Montmorillonite (untreated),5,1,70,FALSE,0.6,--,--,--,--,ImpA,,TRUE,AMP,TRUE,FALSE,oligoadenylic acid,,TRUE,TRUE,FALSE,4,1,FALSE,--,--,--,--,--,,--,--,--,--,--,AMP,100,--,--,Montmorillonite (untreated),5,FALSE
134,https://www.proquest.com/openview/8d05d03428acaac9bd2aa90c4cb7e11f/,MMC Raw 1bar varT,Riggi,2019,Rensselaer Polytechnic Institute,batch,closed,72,3,FALSE,1,TRUE,0.1,polypropylene,1,TRUE,FALSE,83,TRUE,0.6,TRUE,TRUE,--,--,water,ImpA,15,--,--,--,--,M,Montmorillonite (untreated),5,1,83,FALSE,0.6,TRUE,--,--,--,ImpA,,TRUE,AMP,TRUE,FALSE,oligoadenylic acid,,TRUE,TRUE,FALSE,4,1,FALSE,--,--,--,--,--,,--,--,--,--,--,AMP,100,--,--,Montmorillonite (untreated),5,FALSE
135,https://www.proquest.com/openview/8d05d03428acaac9bd2aa90c4cb7e11f/,MMC Raw 1kbar varT,Riggi,2019,Rensselaer Polytechnic Institute,batch,closed,72,3,FALSE,1,TRUE,0.1,polypropylene,1000,TRUE,FALSE,25,TRUE,0.1,TRUE,TRUE,--,--,water,ImpA,15,--,--,--,--,M,Montmorillonite (untreated),5,1000,25,FALSE,0.1,--,--,--,--,ImpA,,TRUE,AMP,TRUE,FALSE,oligoadenylic acid,,TRUE,TRUE,FALSE,6,1,FALSE,--,--,--,--,--,,--,--,--,--,--,AMP,100,--,--,Montmorillonite (untreated),5,FALSE
136,https://www.proquest.com/openview/8d05d03428acaac9bd2aa90c4cb7e11f/,MMC Raw 1kbar varT,Riggi,2019,Rensselaer Polytechnic Institute,batch,closed,72,3,FALSE,1,TRUE,0.1,polypropylene,1000,TRUE,FALSE,40,TRUE,0.1,TRUE,TRUE,--,--,water,ImpA,15,--,--,--,--,M,Montmorillonite (untreated),5,1000,40,FALSE,0.1,--,--,--,--,ImpA,,TRUE,AMP,TRUE,FALSE,oligoadenylic acid,,TRUE,TRUE,FALSE,5,1,FALSE,--,--,--,--,--,,--,--,--,--,--,AMP,100,--,--,Montmorillonite (untreated),5,FALSE
137,https://www.proquest.com/openview/8d05d03428acaac9bd2aa90c4cb7e11f/,MMC Raw 1kbar varT,Riggi,2019,Rensselaer Polytechnic Institute,batch,closed,72,3,FALSE,1,TRUE,0.1,polypropylene,1000,TRUE,FALSE,60,TRUE,0.1,TRUE,TRUE,--,--,water,ImpA,15,--,--,--,--,M,Montmorillonite (untreated),5,1000,60,FALSE,0.1,--,--,--,--,ImpA,,TRUE,AMP,TRUE,FALSE,oligoadenylic acid,,TRUE,TRUE,FALSE,5,1,FALSE,--,--,--,--,--,,--,--,--,--,--,AMP,100,--,--,Montmorillonite (untreated),5,FALSE
138,https://www.proquest.com/openview/8d05d03428acaac9bd2aa90c4cb7e11f/,MMC Raw 1kbar varT,Riggi,2019,Rensselaer Polytechnic Institute,batch,closed,72,3,FALSE,1,TRUE,0.1,polypropylene,1000,TRUE,FALSE,80,TRUE,0.1,TRUE,TRUE,--,--,water,ImpA,15,--,--,--,--,M,Montmorillonite (untreated),5,1000,80,FALSE,0.1,--,--,--,--,ImpA,,TRUE,AMP,TRUE,FALSE,oligoadenylic acid,,TRUE,TRUE,FALSE,4,1,FALSE,--,--,--,--,--,,--,--,--,--,--,AMP,100,--,--,Montmorillonite (untreated),5,FALSE
139,https://www.proquest.com/openview/8d05d03428acaac9bd2aa90c4cb7e11f/,Montmorillonite (treated) 1 bar varT,Riggi,2019,Rensselaer Polytechnic Institute,batch,closed,72,6,FALSE,1,TRUE,0.1,polypropylene,1,TRUE,FALSE,30,TRUE,0.6,TRUE,TRUE,--,--,water,ImpA,15,MES,10,--,--,M,Montmorillonite (treated),5,1,30,FALSE,0.6,TRUE,--,--,--,ImpA,,TRUE,AMP,TRUE,FALSE,oligoadenylic acid,,TRUE,TRUE,FALSE,10.33,1,FALSE,MES,10,FALSE,FALSE,,,,--,--,--,--,AMP,100,--,--,Montmorillonite (untreated),5,FALSE
140,https://www.proquest.com/openview/8d05d03428acaac9bd2aa90c4cb7e11f/,Montmorillonite (treated) 1 bar varT,Riggi,2019,Rensselaer Polytechnic Institute,batch,closed,72,6,FALSE,1,TRUE,0.1,polypropylene,1,TRUE,FALSE,40,TRUE,0.6,TRUE,TRUE,--,--,water,ImpA,15,MES,10,--,--,M,Montmorillonite (treated),5,1,40,FALSE,0.6,TRUE,--,--,--,ImpA,,TRUE,AMP,TRUE,FALSE,oligoadenylic acid,,TRUE,TRUE,FALSE,9.67,1,FALSE,MES,10,FALSE,FALSE,,,,--,--,--,--,AMP,100,--,--,Montmorillonite (treated),5,FALSE
141,https://www.proquest.com/openview/8d05d03428acaac9bd2aa90c4cb7e11f/,Montmorillonite (treated) 1 bar varT,Riggi,2019,Rensselaer Polytechnic Institute,batch,closed,72,6,FALSE,1,TRUE,0.1,polypropylene,1,TRUE,FALSE,50,TRUE,0.6,TRUE,TRUE,--,--,water,ImpA,15,MES,10,--,--,M,Montmorillonite (treated),5,1,50,FALSE,0.6,TRUE,--,--,--,ImpA,,TRUE,AMP,TRUE,FALSE,oligoadenylic acid,,TRUE,TRUE,FALSE,9.33,1,FALSE,MES,10,FALSE,FALSE,,,,--,--,--,--,AMP,100,--,--,Montmorillonite (treated),5,FALSE
142,https://www.proquest.com/openview/8d05d03428acaac9bd2aa90c4cb7e11f/,Montmorillonite (treated) 1 bar varT,Riggi,2019,Rensselaer Polytechnic Institute,batch,closed,72,6,FALSE,1,TRUE,0.1,polypropylene,1,TRUE,FALSE,60,TRUE,0.6,TRUE,TRUE,--,--,water,ImpA,15,MES,10,--,--,M,Montmorillonite (treated),5,1,60,FALSE,0.6,TRUE,--,--,--,ImpA,,TRUE,AMP,TRUE,FALSE,oligoadenylic acid,,TRUE,TRUE,FALSE,9.17,1,FALSE,MES,10,FALSE,FALSE,,,,--,--,--,--,AMP,100,--,--,Montmorillonite (treated),5,FALSE
143,https://www.proquest.com/openview/8d05d03428acaac9bd2aa90c4cb7e11f/,Montmorillonite (treated) 1 bar varT,Riggi,2019,Rensselaer Polytechnic Institute,batch,closed,72,6,FALSE,1,TRUE,0.1,polypropylene,1,TRUE,FALSE,70,TRUE,0.6,TRUE,TRUE,--,--,water,ImpA,15,MES,10,--,--,M,Montmorillonite (treated),5,1,70,FALSE,0.6,TRUE,--,--,--,ImpA,,TRUE,AMP,TRUE,FALSE,oligoadenylic acid,,TRUE,TRUE,FALSE,8,1,FALSE,MES,10,FALSE,FALSE,,,,--,--,--,--,AMP,100,--,--,Montmorillonite (treated),5,FALSE
144,https://www.proquest.com/openview/8d05d03428acaac9bd2aa90c4cb7e11f/,Montmorillonite (treated) 1 bar varT,Riggi,2019,Rensselaer Polytechnic Institute,batch,closed,72,6,FALSE,1,TRUE,0.1,polypropylene,1,TRUE,FALSE,83,TRUE,0.6,TRUE,TRUE,--,--,water,ImpA,15,MES,10,--,--,M,Montmorillonite (treated),5,1,83,FALSE,0.6,TRUE,--,--,--,ImpA,,TRUE,AMP,TRUE,FALSE,oligoadenylic acid,,TRUE,TRUE,FALSE,6.67,1,FALSE,MES,10,FALSE,FALSE,,,,--,--,--,--,AMP,100,--,--,Montmorillonite (treated),5,FALSE
145,https://www.proquest.com/openview/8d05d03428acaac9bd2aa90c4cb7e11f/,Montmorillonite (treated) 1 kbar varT,Riggi,2019,Rensselaer Polytechnic Institute,batch,closed,72,3,FALSE,1,TRUE,0.1,polypropylene,1000,TRUE,FALSE,25,TRUE,0.1,TRUE,TRUE,--,--,water,ImpA,15,MES,10,--,--,M,Montmorillonite (treated),5,1000,25,FALSE,0.1,--,--,--,--,ImpA,,TRUE,AMP,TRUE,FALSE,oligoadenylic acid,,TRUE,TRUE,FALSE,10.67,1,FALSE,MES,10,FALSE,FALSE,,,,--,--,--,--,AMP,100,--,--,Montmorillonite (treated),5,FALSE
146,https://www.proquest.com/openview/8d05d03428acaac9bd2aa90c4cb7e11f/,Montmorillonite (treated) 1 kbar varT,Riggi,2019,Rensselaer Polytechnic Institute,batch,closed,72,3,FALSE,1,TRUE,0.1,polypropylene,1000,TRUE,FALSE,40,TRUE,0.1,TRUE,TRUE,--,--,water,ImpA,15,MES,10,--,--,M,Montmorillonite (treated),5,1000,40,FALSE,0.1,--,--,--,--,ImpA,,TRUE,AMP,TRUE,FALSE,oligoadenylic acid,,TRUE,TRUE,FALSE,8.67,1,FALSE,MES,10,FALSE,FALSE,,,,--,--,--,--,AMP,100,--,--,Montmorillonite (treated),5,FALSE
147,https://www.proquest.com/openview/8d05d03428acaac9bd2aa90c4cb7e11f/,Montmorillonite (treated) 1 kbar varT,Riggi,2019,Rensselaer Polytechnic Institute,batch,closed,72,3,FALSE,1,TRUE,0.1,polypropylene,1000,TRUE,FALSE,60,TRUE,0.1,TRUE,TRUE,--,--,water,ImpA,15,MES,10,--,--,M,Montmorillonite (treated),5,1000,60,FALSE,0.1,--,--,--,--,ImpA,,TRUE,AMP,TRUE,FALSE,oligoadenylic acid,,TRUE,TRUE,FALSE,8.67,1,FALSE,MES,10,FALSE,FALSE,,,,--,--,--,--,AMP,100,--,--,Montmorillonite (treated),5,FALSE
148,https://www.proquest.com/openview/8d05d03428acaac9bd2aa90c4cb7e11f/,Montmorillonite (treated) 1 kbar varT,Riggi,2019,Rensselaer Polytechnic Institute,batch,closed,72,3,FALSE,1,TRUE,0.1,polypropylene,1000,TRUE,FALSE,80,TRUE,0.1,TRUE,TRUE,--,--,water,ImpA,15,MES,10,--,--,M,Montmorillonite (treated),5,1000,80,FALSE,0.1,--,--,--,--,ImpA,,TRUE,AMP,TRUE,FALSE,oligoadenylic acid,,TRUE,TRUE,FALSE,8.67,1,FALSE,MES,10,FALSE,FALSE,,,,--,--,--,--,AMP,100,--,--,Montmorillonite (treated),5,FALSE
149,https://www.proquest.com/openview/8d05d03428acaac9bd2aa90c4cb7e11f/,FeCl2 111mM 1bar varT,Riggi,2019,Rensselaer Polytechnic Institute,batch,closed,72,3,FALSE,1,TRUE,0.1,silica glass,1,TRUE,FALSE,22,TRUE,3.7,TRUE,FALSE,N2,1,water,ImpA,15,FeCl2,111,--,--,--,--,,1,22,FALSE,3.7,FALSE,N2,1,FALSE,ImpA,,TRUE,AMP,TRUE,FALSE,oligoadenylic acid,,TRUE,TRUE,FALSE,5.33,1,FALSE,FeCl2,111,FALSE,FALSE,,,,--,--,--,--,AMP,100,--,--,--,--,--
150,https://www.proquest.com/openview/8d05d03428acaac9bd2aa90c4cb7e11f/,FeCl2 111mM 1bar varT,Riggi,2019,Rensselaer Polytechnic Institute,batch,closed,72,3,FALSE,1,TRUE,0.1,silica glass,1,TRUE,FALSE,30,TRUE,3.7,TRUE,FALSE,N2,1,water,ImpA,15,FeCl2,111,--,--,--,--,,1,30,FALSE,3.7,FALSE,N2,1,FALSE,ImpA,,TRUE,AMP,TRUE,FALSE,oligoadenylic acid,,TRUE,TRUE,FALSE,4.67,1,FALSE,FeCl2,111,FALSE,FALSE,,,,--,--,--,--,AMP,100,--,--,--,--,--
151,https://www.proquest.com/openview/8d05d03428acaac9bd2aa90c4cb7e11f/,FeCl2 111mM 1bar varT,Riggi,2019,Rensselaer Polytechnic Institute,batch,closed,72,3,FALSE,1,TRUE,0.1,silica glass,1,TRUE,FALSE,40,TRUE,3.7,TRUE,FALSE,N2,1,water,ImpA,15,FeCl2,111,--,--,--,--,,1,40,FALSE,3.7,FALSE,N2,1,FALSE,ImpA,,TRUE,AMP,TRUE,FALSE,oligoadenylic acid,,TRUE,TRUE,FALSE,4,1,FALSE,FeCl2,111,FALSE,FALSE,,,,--,--,--,--,AMP,100,--,--,--,--,--
152,https://www.proquest.com/openview/8d05d03428acaac9bd2aa90c4cb7e11f/,FeCl2 111mM 1bar varT,Riggi,2019,Rensselaer Polytechnic Institute,batch,closed,72,3,FALSE,1,TRUE,0.1,silica glass,1,TRUE,FALSE,50,TRUE,3.7,TRUE,FALSE,N2,1,water,ImpA,15,FeCl2,111,--,--,--,--,,1,50,FALSE,3.7,FALSE,N2,1,FALSE,ImpA,,TRUE,AMP,TRUE,FALSE,oligoadenylic acid,,TRUE,TRUE,FALSE,4.67,1,FALSE,FeCl2,111,FALSE,FALSE,,,,--,--,--,--,AMP,100,--,--,--,--,--
153,https://www.proquest.com/openview/8d05d03428acaac9bd2aa90c4cb7e11f/,FeCl2 111mM 1bar varT,Riggi,2019,Rensselaer Polytechnic Institute,batch,closed,72,3,FALSE,1,TRUE,0.1,silica glass,1,TRUE,FALSE,60,TRUE,3.7,TRUE,FALSE,N2,1,water,ImpA,15,FeCl2,111,--,--,--,--,,1,60,FALSE,3.7,FALSE,N2,1,FALSE,ImpA,,TRUE,AMP,TRUE,FALSE,oligoadenylic acid,,TRUE,TRUE,FALSE,4,1,FALSE,FeCl2,111,FALSE,FALSE,,,,--,--,--,--,AMP,100,--,--,--,--,--
154,https://www.proquest.com/openview/8d05d03428acaac9bd2aa90c4cb7e11f/,FeCl2 111mM 1bar varT,Riggi,2019,Rensselaer Polytechnic Institute,batch,closed,72,3,FALSE,1,TRUE,0.1,silica glass,1,TRUE,FALSE,70,TRUE,3.7,TRUE,FALSE,N2,1,water,ImpA,15,FeCl2,111,--,--,--,--,,1,70,FALSE,3.7,FALSE,N2,1,FALSE,ImpA,,TRUE,AMP,TRUE,FALSE,oligoadenylic acid,,TRUE,TRUE,FALSE,2.67,1,FALSE,FeCl2,111,FALSE,FALSE,,,,--,--,--,--,AMP,100,--,--,--,--,--
155,https://www.proquest.com/openview/8d05d03428acaac9bd2aa90c4cb7e11f/,FeCl2 111mM 1bar varT,Riggi,2019,Rensselaer Polytechnic Institute,batch,closed,72,3,FALSE,1,TRUE,0.1,silica glass,1,TRUE,FALSE,83,TRUE,3.7,TRUE,FALSE,N2,1,water,ImpA,15,FeCl2,111,--,--,--,--,,1,83,FALSE,3.7,FALSE,N2,1,FALSE,ImpA,,TRUE,AMP,TRUE,FALSE,oligoadenylic acid,,TRUE,TRUE,FALSE,3,1,FALSE,FeCl2,111,FALSE,FALSE,,,,--,--,--,--,AMP,100,--,--,--,--,--
156,https://www.proquest.com/openview/8d05d03428acaac9bd2aa90c4cb7e11f/,FeCl2 10mM 1bar varT,Riggi,2019,Rensselaer Polytechnic Institute,batch,closed,72,3,FALSE,1,TRUE,0.1,silica glass,1,TRUE,FALSE,30,TRUE,3.7,TRUE,FALSE,N2,1,water,ImpA,15,FeCl2,10,--,--,--,--,,1,30,FALSE,3.7,FALSE,N2,1,FALSE,ImpA,,TRUE,AMP,TRUE,FALSE,oligoadenylic acid,,TRUE,TRUE,FALSE,4,1,FALSE,FeCl2,10,FALSE,FALSE,,,,--,--,--,--,AMP,100,--,--,--,--,--
157,https://www.proquest.com/openview/8d05d03428acaac9bd2aa90c4cb7e11f/,FeCl2 10mM 1bar varT,Riggi,2019,Rensselaer Polytechnic Institute,batch,closed,72,3,FALSE,1,TRUE,0.1,silica glass,1,TRUE,FALSE,40,TRUE,3.7,TRUE,FALSE,N2,1,water,ImpA,15,FeCl2,10,--,--,--,--,,1,40,FALSE,3.7,FALSE,N2,1,FALSE,ImpA,,TRUE,AMP,TRUE,FALSE,oligoadenylic acid,,TRUE,TRUE,FALSE,4,1,FALSE,FeCl2,10,FALSE,FALSE,,,,--,--,--,--,AMP,100,--,--,--,--,--
158,https://www.proquest.com/openview/8d05d03428acaac9bd2aa90c4cb7e11f/,FeCl2 10mM 1bar varT,Riggi,2019,Rensselaer Polytechnic Institute,batch,closed,72,3,FALSE,1,TRUE,0.1,silica glass,1,TRUE,FALSE,50,TRUE,3.7,TRUE,FALSE,N2,1,water,ImpA,15,FeCl2,10,--,--,--,--,,1,50,FALSE,3.7,FALSE,N2,1,FALSE,ImpA,,TRUE,AMP,TRUE,FALSE,oligoadenylic acid,,TRUE,TRUE,FALSE,4,1,FALSE,FeCl2,10,FALSE,FALSE,,,,--,--,--,--,AMP,100,--,--,--,--,--
159,https://www.proquest.com/openview/8d05d03428acaac9bd2aa90c4cb7e11f/,FeCl2 10mM 1bar varT,Riggi,2019,Rensselaer Polytechnic Institute,batch,closed,72,3,FALSE,1,TRUE,0.1,silica glass,1,TRUE,FALSE,60,TRUE,3.7,TRUE,FALSE,N2,1,water,ImpA,15,FeCl2,10,,,--,--,,1,60,FALSE,3.7,FALSE,N2,1,FALSE,ImpA,,TRUE,AMP,TRUE,FALSE,oligoadenylic acid,,TRUE,TRUE,FALSE,4,1,FALSE,FeCl2,10,FALSE,FALSE,,,,--,--,--,--,AMP,100,--,--,--,--,--
160,https://www.proquest.com/openview/8d05d03428acaac9bd2aa90c4cb7e11f/,FeCl2 10mM 1bar varT,Riggi,2019,Rensselaer Polytechnic Institute,batch,closed,72,3,FALSE,1,TRUE,0.1,silica glass,1,TRUE,FALSE,70,TRUE,3.7,TRUE,FALSE,N2,1,water,ImpA,15,FeCl2,10,--,--,--,--,,1,70,FALSE,3.7,FALSE,N2,1,FALSE,ImpA,,TRUE,AMP,TRUE,FALSE,oligoadenylic acid,,TRUE,TRUE,FALSE,4,1,FALSE,FeCl2,10,FALSE,FALSE,,,,--,--,--,--,AMP,100,--,--,--,--,--
161,https://www.proquest.com/openview/8d05d03428acaac9bd2aa90c4cb7e11f/,FeCl2 10mM 1bar varT,Riggi,2019,Rensselaer Polytechnic Institute,batch,closed,72,3,FALSE,1,TRUE,0.1,silica glass,1,TRUE,FALSE,85,TRUE,3.7,TRUE,FALSE,N2,1,water,ImpA,15,FeCl2,10,--,--,--,--,,1,85,FALSE,3.7,FALSE,N2,1,FALSE,ImpA,,TRUE,AMP,TRUE,FALSE,oligoadenylic acid,,TRUE,TRUE,FALSE,4,1,FALSE,FeCl2,10,FALSE,FALSE,,,,--,--,--,--,AMP,100,--,--,--,--,--
162,https://www.proquest.com/openview/8d05d03428acaac9bd2aa90c4cb7e11f/,MMC (treated) RT 1bar varATMOS,Riggi,2019,Rensselaer Polytechnic Institute,batch,closed,72,3,FALSE,1,TRUE,0.1,silica glass,1,TRUE,TRUE,23,TRUE,3.7,TRUE,TRUE,--,--,water,ImpA,15,NaCl,150,MES,10,M,Montmorillonite (treated),5,1,,TRUE,3.7,TRUE,--,--,--,ImpA,,TRUE,AMP,TRUE,FALSE,oligoadenylic acid,,TRUE,TRUE,FALSE,9.5,1,FALSE,MES,10,FALSE,FALSE,,,,NaCl,150,FALSE,FALSE,AMP,100,--,--,Montmorillonite (treated),5,FALSE
163,https://www.proquest.com/openview/8d05d03428acaac9bd2aa90c4cb7e11f/,MMC (treated) RT 1bar varATMOS,Riggi,2019,Rensselaer Polytechnic Institute,batch,closed,72,3,FALSE,1,TRUE,0.1,silica glass,1,TRUE,TRUE,23,TRUE,3.7,TRUE,FALSE,N2,1,water,ImpA,15,NaCl,150,MES,10,M,Montmorillonite (treated),5,1,,TRUE,3.7,FALSE,N2,1,FALSE,ImpA,,TRUE,AMP,TRUE,FALSE,oligoadenylic acid,,TRUE,TRUE,FALSE,8.67,1,FALSE,MES,10,FALSE,FALSE,,,,NaCl,150,FALSE,FALSE,AMP,100,--,--,Montmorillonite (treated),5,FALSE
164,https://www.proquest.com/openview/8d05d03428acaac9bd2aa90c4cb7e11f/,MMC (treated) RT 1bar varATMOS,Riggi,2019,Rensselaer Polytechnic Institute,batch,closed,72,3,FALSE,1,TRUE,0.1,silica glass,1,TRUE,TRUE,23,TRUE,3.7,TRUE,FALSE,CO2,1,water,ImpA,15,NaCl,150,MES,10,M,Montmorillonite (treated),5,1,,TRUE,3.7,FALSE,CO2,1,FALSE,ImpA,,TRUE,AMP,TRUE,FALSE,oligoadenylic acid,,TRUE,TRUE,FALSE,5,1,FALSE,MES,10,FALSE,FALSE,,,,NaCl,150,FALSE,FALSE,AMP,100,--,--,Montmorillonite (treated),5,FALSE
165,https://www.proquest.com/openview/8d05d03428acaac9bd2aa90c4cb7e11f/,MMC (treated) RT 1bar varATMOS,Riggi,2019,Rensselaer Polytechnic Institute,batch,closed,72,3,FALSE,1,TRUE,0.1,silica glass,1,TRUE,TRUE,23,TRUE,3.7,TRUE,TRUE,--,--,water,ImpG,15,NaCl,150,MES,10,M,Montmorillonite (treated),5,1,,TRUE,3.7,TRUE,--,--,--,ImpG,,TRUE,AMP,TRUE,FALSE,oligoguanylic acid,,TRUE,TRUE,FALSE,8.75,1,FALSE,MES,10,FALSE,FALSE,,,,NaCl,150,FALSE,FALSE,GMP,100,--,--,Montmorillonite (treated),5,FALSE
166,https://www.proquest.com/openview/8d05d03428acaac9bd2aa90c4cb7e11f/,MMC (treated) RT 1bar varATMOS,Riggi,2019,Rensselaer Polytechnic Institute,batch,closed,72,3,FALSE,1,TRUE,0.1,silica glass,1,TRUE,TRUE,23,TRUE,3.7,TRUE,FALSE,N2,1,water,ImpG,15,NaCl,150,MES,10,M,Montmorillonite (treated),5,1,,TRUE,3.7,FALSE,N2,1,FALSE,ImpG,,TRUE,AMP,TRUE,FALSE,oligoguanylic acid,,TRUE,TRUE,FALSE,10,1,FALSE,MES,10,FALSE,FALSE,,,,NaCl,150,FALSE,FALSE,GMP,100,--,--,Montmorillonite (treated),5,FALSE
167,https://www.proquest.com/openview/8d05d03428acaac9bd2aa90c4cb7e11f/,MMC (treated) RT 1bar varATMOS,Riggi,2019,Rensselaer Polytechnic Institute,batch,closed,72,3,FALSE,1,TRUE,0.1,silica glass,1,TRUE,TRUE,23,TRUE,3.7,TRUE,FALSE,CO2,1,water,ImpG,15,NaCl,150,MES,10,M,Montmorillonite (treated),5,1,,TRUE,3.7,FALSE,CO2,1,FALSE,ImpG,,TRUE,AMP,TRUE,FALSE,oligoguanylic acid,,TRUE,TRUE,FALSE,5,1,FALSE,MES,10,FALSE,FALSE,,,,NaCl,150,FALSE,FALSE,GMP,100,--,--,Montmorillonite (treated),5,FALSE
168,https://www.proquest.com/openview/8d05d03428acaac9bd2aa90c4cb7e11f/,MMC (treated) RT 1bar varATMOS,Riggi,2019,Rensselaer Polytechnic Institute,batch,closed,72,3,FALSE,1,TRUE,0.1,silica glass,1,TRUE,TRUE,23,TRUE,3.7,TRUE,TRUE,--,--,water,ImpC,15,NaCl,150,MES,10,M,Montmorillonite (treated),5,1,,TRUE,3.7,TRUE,--,--,--,ImpC,,TRUE,CMP,TRUE,FALSE,oligocytidylic acid,,TRUE,TRUE,FALSE,5.25,1,FALSE,MES,10,FALSE,FALSE,,,,NaCl,150,FALSE,FALSE,CMP,100,--,--,Montmorillonite (treated),5,FALSE
169,https://www.proquest.com/openview/8d05d03428acaac9bd2aa90c4cb7e11f/,MMC (treated) RT 1bar varATMOS,Riggi,2019,Rensselaer Polytechnic Institute,batch,closed,72,3,FALSE,1,TRUE,0.1,silica glass,1,TRUE,TRUE,23,TRUE,3.7,TRUE,FALSE,N2,1,water,ImpC,15,NaCl,150,MES,10,M,Montmorillonite (treated),5,1,,TRUE,3.7,FALSE,N2,1,FALSE,ImpC,,TRUE,CMP,TRUE,FALSE,oligocytidylic acid,,TRUE,TRUE,FALSE,4.67,1,FALSE,MES,10,FALSE,FALSE,,,,NaCl,150,FALSE,FALSE,CMP,100,--,--,Montmorillonite (treated),5,FALSE
170,https://www.proquest.com/openview/8d05d03428acaac9bd2aa90c4cb7e11f/,MMC (treated) RT 1bar varATMOS,Riggi,2019,Rensselaer Polytechnic Institute,batch,closed,72,3,FALSE,1,TRUE,0.1,silica glass,1,TRUE,TRUE,23,TRUE,3.7,TRUE,FALSE,CO2,1,water,ImpC,15,NaCl,150,MES,10,M,Montmorillonite (treated),5,1,,TRUE,3.7,FALSE,CO2,1,FALSE,ImpC,,TRUE,CMP,TRUE,FALSE,oligocytidylic acid,,TRUE,TRUE,FALSE,2.67,1,FALSE,MES,10,FALSE,FALSE,,,,NaCl,150,FALSE,FALSE,CMP,100,--,--,Montmorillonite (treated),5,FALSE
171,https://www.proquest.com/openview/8d05d03428acaac9bd2aa90c4cb7e11f/,MMC (treated) RT 1bar varATMOS,Riggi,2019,Rensselaer Polytechnic Institute,batch,closed,72,3,FALSE,1,TRUE,0.1,silica glass,1,TRUE,TRUE,23,TRUE,3.7,TRUE,TRUE,--,--,water,ImpU,15,NaCl,150,MES,10,M,Montmorillonite (treated),5,1,,TRUE,3.7,TRUE,--,--,--,ImpU,,TRUE,UMP,TRUE,FALSE,oligouridylic acid,,TRUE,TRUE,FALSE,7,1,FALSE,MES,10,FALSE,FALSE,,,,NaCl,150,FALSE,FALSE,UMP,100,--,--,Montmorillonite (treated),5,FALSE
172,https://www.proquest.com/openview/8d05d03428acaac9bd2aa90c4cb7e11f/,MMC (treated) RT 1bar varATMOS,Riggi,2019,Rensselaer Polytechnic Institute,batch,closed,72,3,FALSE,1,TRUE,0.1,silica glass,1,TRUE,TRUE,23,TRUE,3.7,TRUE,FALSE,N2,1,water,ImpU,15,NaCl,150,MES,10,M,Montmorillonite (treated),5,1,,TRUE,3.7,FALSE,N2,1,FALSE,ImpU,,TRUE,UMP,TRUE,FALSE,oligouridylic acid,,TRUE,TRUE,FALSE,7,1,FALSE,MES,10,FALSE,FALSE,,,,NaCl,150,FALSE,FALSE,UMP,100,--,--,Montmorillonite (treated),5,FALSE
173,https://www.proquest.com/openview/8d05d03428acaac9bd2aa90c4cb7e11f/,MMC (treated) RT 1bar varATMOS,Riggi,2019,Rensselaer Polytechnic Institute,batch,closed,72,3,FALSE,1,TRUE,0.1,silica glass,1,TRUE,TRUE,23,TRUE,3.7,TRUE,FALSE,CO2,1,water,ImpU,15,NaCl,150,MES,10,M,Montmorillonite (treated),5,1,,TRUE,3.7,FALSE,CO2,1,FALSE,ImpU,,TRUE,UMP,TRUE,FALSE,oligouridylic acid,,TRUE,TRUE,FALSE,4.33,1,FALSE,MES,10,FALSE,FALSE,,,,NaCl,150,FALSE,FALSE,UMP,100,--,--,Montmorillonite (treated),5,FALSE
174,https://www.proquest.com/openview/8d05d03428acaac9bd2aa90c4cb7e11f/,CaCl2 1M RT 1bar varATMOS,Riggi,2019,Rensselaer Polytechnic Institute,batch,closed,72,3,FALSE,1,TRUE,0.1,silica glass,1,TRUE,TRUE,23,TRUE,3.7,TRUE,FALSE,--,--,water,ImpA,15,CaCl2,1000,,,--,--,,1,,TRUE,3.7,TRUE,--,--,--,ImpA,,TRUE,AMP,TRUE,FALSE,oligoadenylic acid,,TRUE,TRUE,FALSE,6,1,,CaCl2,1000,FALSE,FALSE,,,,--,--,--,--,AMP,100,--,--,--,--,--
175,https://www.proquest.com/openview/8d05d03428acaac9bd2aa90c4cb7e11f/,CaCl2 1M RT 1bar varATMOS,Riggi,2019,Rensselaer Polytechnic Institute,batch,closed,72,3,FALSE,1,TRUE,0.1,silica glass,1,TRUE,TRUE,23,TRUE,3.7,TRUE,FALSE,N2,1,water,ImpA,15,CaCl2,1000,--,--,--,--,,1,,TRUE,3.7,FALSE,N2,1,FALSE,ImpA,,TRUE,AMP,TRUE,FALSE,oligoadenylic acid,,TRUE,TRUE,FALSE,6,1,,CaCl2,1000,FALSE,FALSE,,,,--,--,--,--,AMP,100,--,--,--,--,--
176,https://www.proquest.com/openview/8d05d03428acaac9bd2aa90c4cb7e11f/,CaCl2 1M RT 1bar varATMOS,Riggi,2019,Rensselaer Polytechnic Institute,batch,closed,72,3,FALSE,1,TRUE,0.1,silica glass,1,TRUE,TRUE,23,TRUE,3.7,TRUE,FALSE,CO2,1,water,ImpA,15,CaCl2,1000,--,--,--,--,,1,,TRUE,3.7,FALSE,CO2,1,FALSE,ImpA,,TRUE,AMP,TRUE,FALSE,oligoadenylic acid,,TRUE,TRUE,FALSE,2,1,,CaCl2,1000,FALSE,FALSE,,,,--,--,--,--,AMP,100,--,--,--,--,--
177,https://www.proquest.com/openview/8d05d03428acaac9bd2aa90c4cb7e11f/,CaCl2 1M RT 1bar varATMOS,Riggi,2019,Rensselaer Polytechnic Institute,batch,closed,72,3,FALSE,1,TRUE,0.1,silica glass,1,TRUE,TRUE,23,TRUE,3.7,TRUE,TRUE,--,--,water,ImpG,15,CaCl2,1000,--,--,--,--,,1,,TRUE,3.7,TRUE,--,--,--,ImpG,,TRUE,GMP,TRUE,FALSE,oligoguanylic acid,,TRUE,TRUE,FALSE,5,1,,CaCl2,1000,FALSE,FALSE,,,,--,--,--,--,GMP,100,--,--,--,--,--
178,https://www.proquest.com/openview/8d05d03428acaac9bd2aa90c4cb7e11f/,CaCl2 1M RT 1bar varATMOS,Riggi,2019,Rensselaer Polytechnic Institute,batch,closed,72,3,FALSE,1,TRUE,0.1,silica glass,1,TRUE,TRUE,23,TRUE,3.7,TRUE,FALSE,N2,1,water,ImpG,15,CaCl2,1000,--,--,--,--,,1,,TRUE,3.7,FALSE,N2,1,FALSE,ImpG,,TRUE,GMP,TRUE,FALSE,oligoguanylic acid,,TRUE,TRUE,FALSE,4.67,1,,CaCl2,1000,FALSE,FALSE,,,,--,--,--,--,GMP,100,--,--,--,--,--
179,https://www.proquest.com/openview/8d05d03428acaac9bd2aa90c4cb7e11f/,CaCl2 1M RT 1bar varATMOS,Riggi,2019,Rensselaer Polytechnic Institute,batch,closed,72,3,FALSE,1,TRUE,0.1,silica glass,1,TRUE,TRUE,23,TRUE,3.7,TRUE,FALSE,CO2,1,water,ImpG,15,CaCl2,1000,--,--,--,--,,1,,TRUE,3.7,FALSE,CO2,1,FALSE,ImpG,,TRUE,GMP,TRUE,FALSE,oligoguanylic acid,,TRUE,TRUE,FALSE,1,1,,CaCl2,1000,FALSE,FALSE,,,,--,--,--,--,GMP,100,--,--,--,--,--
180,https://www.proquest.com/openview/8d05d03428acaac9bd2aa90c4cb7e11f/,CaCl2 1M RT 1bar varATMOS,Riggi,2019,Rensselaer Polytechnic Institute,batch,closed,72,3,FALSE,1,TRUE,0.1,silica glass,1,TRUE,TRUE,23,TRUE,3.7,TRUE,TRUE,--,--,water,ImpC,15,CaCl2,1000,--,--,--,--,,1,,TRUE,3.7,TRUE,--,--,--,ImpC,,TRUE,CMP,TRUE,FALSE,oligocitidylic acid,,TRUE,TRUE,FALSE,1,1,,CaCl2,1000,FALSE,FALSE,,,,--,--,--,--,CMP,100,--,--,--,--,--
181,https://www.proquest.com/openview/8d05d03428acaac9bd2aa90c4cb7e11f/,CaCl2 1M RT 1bar varATMOS,Riggi,2019,Rensselaer Polytechnic Institute,batch,closed,72,3,FALSE,1,TRUE,0.1,silica glass,1,TRUE,TRUE,23,TRUE,3.7,TRUE,FALSE,N2,1,water,ImpC,15,CaCl2,1000,--,--,--,--,,1,,TRUE,3.7,FALSE,N2,1,FALSE,ImpC,,TRUE,CMP,TRUE,FALSE,oligocitidylic acid,,TRUE,TRUE,FALSE,1.33,1,,CaCl2,1000,FALSE,FALSE,,,,--,--,--,--,CMP,100,--,--,--,--,--
182,https://www.proquest.com/openview/8d05d03428acaac9bd2aa90c4cb7e11f/,CaCl2 1M RT 1bar varATMOS,Riggi,2019,Rensselaer Polytechnic Institute,batch,closed,72,3,FALSE,1,TRUE,0.1,silica glass,1,TRUE,TRUE,23,TRUE,3.7,TRUE,FALSE,CO2,1,water,ImpC,15,CaCl2,1000,--,--,--,--,,1,,TRUE,3.7,FALSE,CO2,1,FALSE,ImpC,,TRUE,CMP,TRUE,FALSE,oligocitidylic acid,,TRUE,TRUE,FALSE,1,1,,CaCl2,1000,FALSE,FALSE,,,,--,--,--,--,CMP,100,--,--,--,--,--
183,https://www.proquest.com/openview/8d05d03428acaac9bd2aa90c4cb7e11f/,CaCl2 1M RT 1bar varATMOS,Riggi,2019,Rensselaer Polytechnic Institute,batch,closed,72,3,FALSE,1,TRUE,0.1,silica glass,1,TRUE,TRUE,23,TRUE,3.7,TRUE,TRUE,--,--,water,ImpU,15,CaCl2,1000,--,--,--,--,,1,,TRUE,3.7,TRUE,--,--,--,ImpU,,TRUE,UMP,TRUE,FALSE,oligouridylic acid,,TRUE,TRUE,FALSE,4,1,,CaCl2,1000,FALSE,FALSE,,,,--,--,--,--,UMP,100,--,--,--,--,--
184,https://www.proquest.com/openview/8d05d03428acaac9bd2aa90c4cb7e11f/,CaCl2 1M RT 1bar varATMOS,Riggi,2019,Rensselaer Polytechnic Institute,batch,closed,72,3,FALSE,1,TRUE,0.1,silica glass,1,TRUE,TRUE,23,TRUE,3.7,TRUE,FALSE,N2,1,water,ImpU,15,CaCl2,1000,--,--,--,--,,1,,TRUE,3.7,FALSE,N2,1,FALSE,ImpU,,TRUE,UMP,TRUE,FALSE,oligouridylic acid,,TRUE,TRUE,FALSE,3,1,,CaCl2,1000,FALSE,FALSE,,,,--,--,--,--,UMP,100,--,--,--,--,--
185,https://www.proquest.com/openview/8d05d03428acaac9bd2aa90c4cb7e11f/,CaCl2 1M RT 1bar varATMOS,Riggi,2019,Rensselaer Polytechnic Institute,batch,closed,72,3,FALSE,1,TRUE,0.1,silica glass,1,TRUE,TRUE,23,TRUE,3.7,TRUE,FALSE,CO2,1,water,ImpU,15,CaCl2,1000,--,--,--,--,,1,,TRUE,3.7,FALSE,CO2,1,FALSE,ImpU,,TRUE,UMP,TRUE,FALSE,oligouridylic acid,,TRUE,TRUE,FALSE,1,1,,CaCl2,1000,FALSE,FALSE,,,,--,--,--,--,UMP,100,--,--,--,--,--